"KpiId","KpiName","Value","DataType","Period","StartDate","EndDate","CollectionFrequency"
"LIB02","Books Borrowed - All Libraries - (includes E-Library issues from 2023-24)","207584.00 Number","Number","2014/2015_Q1","2014-04-01","2014-06-30","Monthly"
"LIB02","Books Borrowed - All Libraries - (includes E-Library issues from 2023-24)","73746.00 Number","Number","2014/2015_Apr","2014-04-01","2014-04-30","Monthly"
"LIB02","Books Borrowed - All Libraries - (includes E-Library issues from 2023-24)","778615.00 Number","Number","2014/2015","2014-04-01","2015-03-31","Monthly"
"LIB02","Books Borrowed - All Libraries - (includes E-Library issues from 2023-24)","75121.00 Number","Number","2014/2015_May","2014-05-01","2014-05-31","Monthly"
"LIB02","Books Borrowed - All Libraries - (includes E-Library issues from 2023-24)","58717.00 Number","Number","2014/2015_Jun","2014-06-01","2014-06-30","Monthly"
"LIB02","Books Borrowed - All Libraries - (includes E-Library issues from 2023-24)","198186.00 Number","Number","2014/2015_Q2","2014-07-01","2014-09-30","Monthly"
"LIB02","Books Borrowed - All Libraries - (includes E-Library issues from 2023-24)","67812.00 Number","Number","2014/2015_Jul","2014-07-01","2014-07-31","Monthly"
"LIB02","Books Borrowed - All Libraries - (includes E-Library issues from 2023-24)","68830.00 Number","Number","2014/2015_Aug","2014-08-01","2014-08-31","Monthly"
"LIB02","Books Borrowed - All Libraries - (includes E-Library issues from 2023-24)","61544.00 Number","Number","2014/2015_Sep","2014-09-01","2014-09-30","Monthly"
"LIB02","Books Borrowed - All Libraries - (includes E-Library issues from 2023-24)","160759.00 Number","Number","2014/2015_Q3","2014-10-01","2014-12-31","Monthly"
"LIB02","Books Borrowed - All Libraries - (includes E-Library issues from 2023-24)","60823.00 Number","Number","2014/2015_Oct","2014-10-01","2014-10-31","Monthly"
"LIB02","Books Borrowed - All Libraries - (includes E-Library issues from 2023-24)","55451.00 Number","Number","2014/2015_Nov","2014-11-01","2014-11-30","Monthly"
"LIB02","Books Borrowed - All Libraries - (includes E-Library issues from 2023-24)","44485.00 Number","Number","2014/2015_Dec","2014-12-01","2014-12-31","Monthly"
"LIB02","Books Borrowed - All Libraries - (includes E-Library issues from 2023-24)","73770.00 Number","Number","2014/2015_Jan","2015-01-01","2015-01-31","Monthly"
"LIB02","Books Borrowed - All Libraries - (includes E-Library issues from 2023-24)","212086.00 Number","Number","2014/2015_Q4","2015-01-01","2015-03-31","Monthly"
"LIB02","Books Borrowed - All Libraries - (includes E-Library issues from 2023-24)","66349.00 Number","Number","2014/2015_Feb","2015-02-01","2015-02-28","Monthly"
"LIB02","Books Borrowed - All Libraries - (includes E-Library issues from 2023-24)","71967.00 Number","Number","2014/2015_Mar","2015-03-01","2015-03-31","Monthly"
"LIB02","Books Borrowed - All Libraries - (includes E-Library issues from 2023-24)","819179.00 Number","Number","2015/2016","2015-04-01","2016-03-31","Monthly"
"LIB02","Books Borrowed - All Libraries - (includes E-Library issues from 2023-24)","65248.00 Number","Number","2015/2016_Apr","2015-04-01","2015-04-30","Monthly"
"LIB02","Books Borrowed - All Libraries - (includes E-Library issues from 2023-24)","199832.00 Number","Number","2015/2016_Q1","2015-04-01","2015-06-30","Monthly"
"LIB02","Books Borrowed - All Libraries - (includes E-Library issues from 2023-24)","68960.00 Number","Number","2015/2016_May","2015-05-01","2015-05-31","Monthly"
"LIB02","Books Borrowed - All Libraries - (includes E-Library issues from 2023-24)","65624.00 Number","Number","2015/2016_Jun","2015-06-01","2015-06-30","Monthly"
"LIB02","Books Borrowed - All Libraries - (includes E-Library issues from 2023-24)","221471.00 Number","Number","2015/2016_Q2","2015-07-01","2015-09-30","Monthly"
"LIB02","Books Borrowed - All Libraries - (includes E-Library issues from 2023-24)","77734.00 Number","Number","2015/2016_Jul","2015-07-01","2015-07-31","Monthly"
"LIB02","Books Borrowed - All Libraries - (includes E-Library issues from 2023-24)","74421.00 Number","Number","2015/2016_Aug","2015-08-01","2015-08-31","Monthly"
"LIB02","Books Borrowed - All Libraries - (includes E-Library issues from 2023-24)","69316.00 Number","Number","2015/2016_Sep","2015-09-01","2015-09-30","Monthly"
"LIB02","Books Borrowed - All Libraries - (includes E-Library issues from 2023-24)","193595.00 Number","Number","2015/2016_Q3","2015-10-01","2015-12-31","Monthly"
"LIB02","Books Borrowed - All Libraries - (includes E-Library issues from 2023-24)","71752.00 Number","Number","2015/2016_Oct","2015-10-01","2015-10-31","Monthly"
"LIB02","Books Borrowed - All Libraries - (includes E-Library issues from 2023-24)","65424.00 Number","Number","2015/2016_Nov","2015-11-01","2015-11-30","Monthly"
"LIB02","Books Borrowed - All Libraries - (includes E-Library issues from 2023-24)","56419.00 Number","Number","2015/2016_Dec","2015-12-01","2015-12-31","Monthly"
"LIB02","Books Borrowed - All Libraries - (includes E-Library issues from 2023-24)","66777.00 Number","Number","2015/2016_Jan","2016-01-01","2016-01-31","Monthly"
"LIB02","Books Borrowed - All Libraries - (includes E-Library issues from 2023-24)","204281.00 Number","Number","2015/2016_Q4","2016-01-01","2016-03-31","Monthly"
"LIB02","Books Borrowed - All Libraries - (includes E-Library issues from 2023-24)","67961.00 Number","Number","2015/2016_Feb","2016-02-01","2016-02-29","Monthly"
"LIB02","Books Borrowed - All Libraries - (includes E-Library issues from 2023-24)","69543.00 Number","Number","2015/2016_Mar","2016-03-01","2016-03-31","Monthly"
"LIB02","Books Borrowed - All Libraries - (includes E-Library issues from 2023-24)","800300.00 Number","Number","2016/2017","2016-04-01","2017-03-31","Monthly"
"LIB02","Books Borrowed - All Libraries - (includes E-Library issues from 2023-24)","202287.00 Number","Number","2016/2017_Q1","2016-04-01","2016-06-30","Monthly"
"LIB02","Books Borrowed - All Libraries - (includes E-Library issues from 2023-24)","70520.00 Number","Number","2016/2017_Apr","2016-04-01","2016-04-30","Monthly"
"LIB02","Books Borrowed - All Libraries - (includes E-Library issues from 2023-24)","65923.00 Number","Number","2016/2017_May","2016-05-01","2016-05-31","Monthly"
"LIB02","Books Borrowed - All Libraries - (includes E-Library issues from 2023-24)","65844.00 Number","Number","2016/2017_Jun","2016-06-01","2016-06-30","Monthly"
"LIB02","Books Borrowed - All Libraries - (includes E-Library issues from 2023-24)","213783.00 Number","Number","2016/2017_Q2","2016-07-01","2016-09-30","Monthly"
"LIB02","Books Borrowed - All Libraries - (includes E-Library issues from 2023-24)","71665.00 Number","Number","2016/2017_Jul","2016-07-01","2016-07-31","Monthly"
"LIB02","Books Borrowed - All Libraries - (includes E-Library issues from 2023-24)","75737.00 Number","Number","2016/2017_Aug","2016-08-01","2016-08-31","Monthly"
"LIB02","Books Borrowed - All Libraries - (includes E-Library issues from 2023-24)","66381.00 Number","Number","2016/2017_Sep","2016-09-01","2016-09-30","Monthly"
"LIB02","Books Borrowed - All Libraries - (includes E-Library issues from 2023-24)","185135.00 Number","Number","2016/2017_Q3","2016-10-01","2016-12-31","Monthly"
"LIB02","Books Borrowed - All Libraries - (includes E-Library issues from 2023-24)","66940.00 Number","Number","2016/2017_Oct","2016-10-01","2016-10-31","Monthly"
"LIB02","Books Borrowed - All Libraries - (includes E-Library issues from 2023-24)","62730.00 Number","Number","2016/2017_Nov","2016-11-01","2016-11-30","Monthly"
"LIB02","Books Borrowed - All Libraries - (includes E-Library issues from 2023-24)","55465.00 Number","Number","2016/2017_Dec","2016-12-01","2016-12-31","Monthly"
"LIB02","Books Borrowed - All Libraries - (includes E-Library issues from 2023-24)","68331.00 Number","Number","2016/2017_Jan","2017-01-01","2017-01-31","Monthly"
"LIB02","Books Borrowed - All Libraries - (includes E-Library issues from 2023-24)","199095.00 Number","Number","2016/2017_Q4","2017-01-01","2017-03-31","Monthly"
"LIB02","Books Borrowed - All Libraries - (includes E-Library issues from 2023-24)","61815.00 Number","Number","2016/2017_Feb","2017-02-01","2017-02-28","Monthly"
"LIB02","Books Borrowed - All Libraries - (includes E-Library issues from 2023-24)","68949.00 Number","Number","2016/2017_Mar","2017-03-01","2017-03-31","Monthly"
"LIB02","Books Borrowed - All Libraries - (includes E-Library issues from 2023-24)","63486.00 Number","Number","2017/2018_Apr","2017-04-01","2017-04-30","Monthly"
"LIB02","Books Borrowed - All Libraries - (includes E-Library issues from 2023-24)","192356.00 Number","Number","2017/2018_Q1","2017-04-01","2017-06-30","Monthly"
"LIB02","Books Borrowed - All Libraries - (includes E-Library issues from 2023-24)","788861.00 Number","Number","2017/2018","2017-04-01","2018-03-31","Monthly"
"LIB02","Books Borrowed - All Libraries - (includes E-Library issues from 2023-24)","65397.00 Number","Number","2017/2018_May","2017-05-01","2017-05-31","Monthly"
"LIB02","Books Borrowed - All Libraries - (includes E-Library issues from 2023-24)","63473.00 Number","Number","2017/2018_Jun","2017-06-01","2017-06-30","Monthly"
"LIB02","Books Borrowed - All Libraries - (includes E-Library issues from 2023-24)","214540.00 Number","Number","2017/2018_Q2","2017-07-01","2017-09-30","Monthly"
"LIB02","Books Borrowed - All Libraries - (includes E-Library issues from 2023-24)","71603.00 Number","Number","2017/2018_Jul","2017-07-01","2017-07-31","Monthly"
"LIB02","Books Borrowed - All Libraries - (includes E-Library issues from 2023-24)","75689.00 Number","Number","2017/2018_Aug","2017-08-01","2017-08-31","Monthly"
"LIB02","Books Borrowed - All Libraries - (includes E-Library issues from 2023-24)","67248.00 Number","Number","2017/2018_Sep","2017-09-01","2017-09-30","Monthly"
"LIB02","Books Borrowed - All Libraries - (includes E-Library issues from 2023-24)","185836.00 Number","Number","2017/2018_Q3","2017-10-01","2017-12-31","Monthly"
"LIB02","Books Borrowed - All Libraries - (includes E-Library issues from 2023-24)","69229.00 Number","Number","2017/2018_Oct","2017-10-01","2017-10-31","Monthly"
"LIB02","Books Borrowed - All Libraries - (includes E-Library issues from 2023-24)","62433.00 Number","Number","2017/2018_Nov","2017-11-01","2017-11-30","Monthly"
"LIB02","Books Borrowed - All Libraries - (includes E-Library issues from 2023-24)","54174.00 Number","Number","2017/2018_Dec","2017-12-01","2017-12-31","Monthly"
"LIB02","Books Borrowed - All Libraries - (includes E-Library issues from 2023-24)","196129.00 Number","Number","2017/2018_Q4","2018-01-01","2018-03-31","Monthly"
"LIB02","Books Borrowed - All Libraries - (includes E-Library issues from 2023-24)","67048.00 Number","Number","2017/2018_Jan","2018-01-01","2018-01-31","Monthly"
"LIB02","Books Borrowed - All Libraries - (includes E-Library issues from 2023-24)","60639.00 Number","Number","2017/2018_Feb","2018-02-01","2018-02-28","Monthly"
"LIB02","Books Borrowed - All Libraries - (includes E-Library issues from 2023-24)","68442.00 Number","Number","2017/2018_Mar","2018-03-01","2018-03-31","Monthly"
"LIB02","Books Borrowed - All Libraries - (includes E-Library issues from 2023-24)","188306.00 Number","Number","2018/2019_Q1","2018-04-01","2018-06-30","Monthly"
"LIB02","Books Borrowed - All Libraries - (includes E-Library issues from 2023-24)","762434.00 Number","Number","2018/2019","2018-04-01","2019-03-31","Monthly"
"LIB02","Books Borrowed - All Libraries - (includes E-Library issues from 2023-24)","65549.00 Number","Number","2018/2019_Apr","2018-04-01","2018-04-30","Monthly"
"LIB02","Books Borrowed - All Libraries - (includes E-Library issues from 2023-24)","62012.00 Number","Number","2018/2019_May","2018-05-01","2018-05-31","Monthly"
"LIB02","Books Borrowed - All Libraries - (includes E-Library issues from 2023-24)","60745.00 Number","Number","2018/2019_Jun","2018-06-01","2018-06-30","Monthly"
"LIB02","Books Borrowed - All Libraries - (includes E-Library issues from 2023-24)","208166.00 Number","Number","2018/2019_Q2","2018-07-01","2018-09-30","Monthly"
"LIB02","Books Borrowed - All Libraries - (includes E-Library issues from 2023-24)","69611.00 Number","Number","2018/2019_Jul","2018-07-01","2018-07-31","Monthly"
"LIB02","Books Borrowed - All Libraries - (includes E-Library issues from 2023-24)","74311.00 Number","Number","2018/2019_Aug","2018-08-01","2018-08-31","Monthly"
"LIB02","Books Borrowed - All Libraries - (includes E-Library issues from 2023-24)","64244.00 Number","Number","2018/2019_Sep","2018-09-01","2018-09-30","Monthly"
"LIB02","Books Borrowed - All Libraries - (includes E-Library issues from 2023-24)","66830.00 Number","Number","2018/2019_Oct","2018-10-01","2018-10-31","Monthly"
"LIB02","Books Borrowed - All Libraries - (includes E-Library issues from 2023-24)","179380.00 Number","Number","2018/2019_Q3","2018-10-01","2018-12-31","Monthly"
"LIB02","Books Borrowed - All Libraries - (includes E-Library issues from 2023-24)","63554.00 Number","Number","2018/2019_Nov","2018-11-01","2018-11-30","Monthly"
"LIB02","Books Borrowed - All Libraries - (includes E-Library issues from 2023-24)","48996.00 Number","Number","2018/2019_Dec","2018-12-01","2018-12-31","Monthly"
"LIB02","Books Borrowed - All Libraries - (includes E-Library issues from 2023-24)","186582.00 Number","Number","2018/2019_Q4","2019-01-01","2019-03-31","Monthly"
"LIB02","Books Borrowed - All Libraries - (includes E-Library issues from 2023-24)","67402.00 Number","Number","2018/2019_Jan","2019-01-01","2019-01-31","Monthly"
"LIB02","Books Borrowed - All Libraries - (includes E-Library issues from 2023-24)","56939.00 Number","Number","2018/2019_Feb","2019-02-01","2019-02-28","Monthly"
"LIB02","Books Borrowed - All Libraries - (includes E-Library issues from 2023-24)","62241.00 Number","Number","2018/2019_Mar","2019-03-01","2019-03-31","Monthly"
"LIB02","Books Borrowed - All Libraries - (includes E-Library issues from 2023-24)","182236.00 Number","Number","2019/2020_Q1","2019-04-01","2019-06-30","Monthly"
"LIB02","Books Borrowed - All Libraries - (includes E-Library issues from 2023-24)","736616.00 Number","Number","2019/2020","2019-04-01","2020-03-31","Monthly"
"LIB02","Books Borrowed - All Libraries - (includes E-Library issues from 2023-24)","62433.00 Number","Number","2019/2020_Apr","2019-04-01","2019-04-30","Monthly"
"LIB02","Books Borrowed - All Libraries - (includes E-Library issues from 2023-24)","61311.00 Number","Number","2019/2020_May","2019-05-01","2019-05-31","Monthly"
"LIB02","Books Borrowed - All Libraries - (includes E-Library issues from 2023-24)","58492.00 Number","Number","2019/2020_Jun","2019-06-01","2019-06-30","Monthly"
"LIB02","Books Borrowed - All Libraries - (includes E-Library issues from 2023-24)","68057.00 Number","Number","2019/2020_Jul","2019-07-01","2019-07-31","Monthly"
"LIB02","Books Borrowed - All Libraries - (includes E-Library issues from 2023-24)","202241.00 Number","Number","2019/2020_Q2","2019-07-01","2019-09-30","Monthly"
"LIB02","Books Borrowed - All Libraries - (includes E-Library issues from 2023-24)","72578.00 Number","Number","2019/2020_Aug","2019-08-01","2019-08-31","Monthly"
"LIB02","Books Borrowed - All Libraries - (includes E-Library issues from 2023-24)","61606.00 Number","Number","2019/2020_Sep","2019-09-01","2019-09-30","Monthly"
"LIB02","Books Borrowed - All Libraries - (includes E-Library issues from 2023-24)","176838.00 Number","Number","2019/2020_Q3","2019-10-01","2019-12-31","Monthly"
"LIB02","Books Borrowed - All Libraries - (includes E-Library issues from 2023-24)","65080.00 Number","Number","2019/2020_Oct","2019-10-01","2019-10-31","Monthly"
"LIB02","Books Borrowed - All Libraries - (includes E-Library issues from 2023-24)","61065.00 Number","Number","2019/2020_Nov","2019-11-01","2019-11-30","Monthly"
"LIB02","Books Borrowed - All Libraries - (includes E-Library issues from 2023-24)","50693.00 Number","Number","2019/2020_Dec","2019-12-01","2019-12-31","Monthly"
"LIB02","Books Borrowed - All Libraries - (includes E-Library issues from 2023-24)","175301.00 Number","Number","2019/2020_Q4","2020-01-01","2020-03-31","Monthly"
"LIB02","Books Borrowed - All Libraries - (includes E-Library issues from 2023-24)","64565.00 Number","Number","2019/2020_Jan","2020-01-01","2020-01-31","Monthly"
"LIB02","Books Borrowed - All Libraries - (includes E-Library issues from 2023-24)","61446.00 Number","Number","2019/2020_Feb","2020-02-01","2020-02-29","Monthly"
"LIB02","Books Borrowed - All Libraries - (includes E-Library issues from 2023-24)","49290.00 Number","Number","2019/2020_Mar","2020-03-01","2020-03-31","Monthly"
"LIB02","Books Borrowed - All Libraries - (includes E-Library issues from 2023-24)","23358.00 Number","Number","2020/2021_Apr","2020-04-01","2020-04-30","Monthly"
"LIB02","Books Borrowed - All Libraries - (includes E-Library issues from 2023-24)","79052.00 Number","Number","2020/2021_Q1","2020-04-01","2020-06-30","Monthly"
"LIB02","Books Borrowed - All Libraries - (includes E-Library issues from 2023-24)","497380.00 Number","Number","2020/2021","2020-04-01","2021-03-31","Monthly"
"LIB02","Books Borrowed - All Libraries - (includes E-Library issues from 2023-24)","30053.00 Number","Number","2020/2021_May","2020-05-01","2020-05-31","Monthly"
"LIB02","Books Borrowed - All Libraries - (includes E-Library issues from 2023-24)","25641.00 Number","Number","2020/2021_Jun","2020-06-01","2020-06-30","Monthly"
"LIB02","Books Borrowed - All Libraries - (includes E-Library issues from 2023-24)","120668.00 Number","Number","2020/2021_Q2","2020-07-01","2020-09-30","Monthly"
"LIB02","Books Borrowed - All Libraries - (includes E-Library issues from 2023-24)","29153.00 Number","Number","2020/2021_Jul","2020-07-01","2020-07-31","Monthly"
"LIB02","Books Borrowed - All Libraries - (includes E-Library issues from 2023-24)","34455.00 Number","Number","2020/2021_Aug","2020-08-01","2020-08-31","Monthly"
"LIB02","Books Borrowed - All Libraries - (includes E-Library issues from 2023-24)","57060.00 Number","Number","2020/2021_Sep","2020-09-01","2020-09-30","Monthly"
"LIB02","Books Borrowed - All Libraries - (includes E-Library issues from 2023-24)","168064.00 Number","Number","2020/2021_Q3","2020-10-01","2020-12-31","Monthly"
"LIB02","Books Borrowed - All Libraries - (includes E-Library issues from 2023-24)","75082.00 Number","Number","2020/2021_Oct","2020-10-01","2020-10-31","Monthly"
"LIB02","Books Borrowed - All Libraries - (includes E-Library issues from 2023-24)","46637.00 Number","Number","2020/2021_Nov","2020-11-01","2020-11-30","Monthly"
"LIB02","Books Borrowed - All Libraries - (includes E-Library issues from 2023-24)","46345.00 Number","Number","2020/2021_Dec","2020-12-01","2020-12-31","Monthly"
"LIB02","Books Borrowed - All Libraries - (includes E-Library issues from 2023-24)","45874.00 Number","Number","2020/2021_Jan","2021-01-01","2021-01-31","Monthly"
"LIB02","Books Borrowed - All Libraries - (includes E-Library issues from 2023-24)","129596.00 Number","Number","2020/2021_Q4","2021-01-01","2021-03-31","Monthly"
"LIB02","Books Borrowed - All Libraries - (includes E-Library issues from 2023-24)","40534.00 Number","Number","2020/2021_Feb","2021-02-01","2021-02-28","Monthly"
"LIB02","Books Borrowed - All Libraries - (includes E-Library issues from 2023-24)","43188.00 Number","Number","2020/2021_Mar","2021-03-01","2021-03-31","Monthly"
"LIB02","Books Borrowed - All Libraries - (includes E-Library issues from 2023-24)","61737.00 Number","Number","2021/2022_Apr","2021-04-01","2021-04-30","Monthly"
"LIB02","Books Borrowed - All Libraries - (includes E-Library issues from 2023-24)","942896.00 Number","Number","2021/2022","2021-04-01","2022-03-31","Monthly"
"LIB02","Books Borrowed - All Libraries - (includes E-Library issues from 2023-24)","210543.00 Number","Number","2021/2022_Q1","2021-04-01","2021-06-30","Monthly"
"LIB02","Books Borrowed - All Libraries - (includes E-Library issues from 2023-24)","75250.00 Number","Number","2021/2022_May","2021-05-01","2021-05-31","Monthly"
"LIB02","Books Borrowed - All Libraries - (includes E-Library issues from 2023-24)","73556.00 Number","Number","2021/2022_Jun","2021-06-01","2021-06-30","Monthly"
"LIB02","Books Borrowed - All Libraries - (includes E-Library issues from 2023-24)","247176.00 Number","Number","2021/2022_Q2","2021-07-01","2021-09-30","Monthly"
"LIB02","Books Borrowed - All Libraries - (includes E-Library issues from 2023-24)","80959.00 Number","Number","2021/2022_Jul","2021-07-01","2021-07-31","Monthly"
"LIB02","Books Borrowed - All Libraries - (includes E-Library issues from 2023-24)","86059.00 Number","Number","2021/2022_Aug","2021-08-01","2021-08-31","Monthly"
"LIB02","Books Borrowed - All Libraries - (includes E-Library issues from 2023-24)","80158.00 Number","Number","2021/2022_Sep","2021-09-01","2021-09-30","Monthly"
"LIB02","Books Borrowed - All Libraries - (includes E-Library issues from 2023-24)","84931.00 Number","Number","2021/2022_Oct","2021-10-01","2021-10-31","Monthly"
"LIB02","Books Borrowed - All Libraries - (includes E-Library issues from 2023-24)","236724.00 Number","Number","2021/2022_Q3","2021-10-01","2021-12-31","Monthly"
"LIB02","Books Borrowed - All Libraries - (includes E-Library issues from 2023-24)","81846.00 Number","Number","2021/2022_Nov","2021-11-01","2021-11-30","Monthly"
"LIB02","Books Borrowed - All Libraries - (includes E-Library issues from 2023-24)","69947.00 Number","Number","2021/2022_Dec","2021-12-01","2021-12-31","Monthly"
"LIB02","Books Borrowed - All Libraries - (includes E-Library issues from 2023-24)","248453.00 Number","Number","2021/2022_Q4","2022-01-01","2022-03-31","Monthly"
"LIB02","Books Borrowed - All Libraries - (includes E-Library issues from 2023-24)","84623.00 Number","Number","2021/2022_Jan","2022-01-01","2022-01-31","Monthly"
"LIB02","Books Borrowed - All Libraries - (includes E-Library issues from 2023-24)","77470.00 Number","Number","2021/2022_Feb","2022-02-01","2022-02-28","Monthly"
"LIB02","Books Borrowed - All Libraries - (includes E-Library issues from 2023-24)","86360.00 Number","Number","2021/2022_Mar","2022-03-01","2022-03-31","Monthly"
"LIB02","Books Borrowed - All Libraries - (includes E-Library issues from 2023-24)","83411.00 Number","Number","2022/2023_Apr","2022-04-01","2022-04-30","Monthly"
"LIB02","Books Borrowed - All Libraries - (includes E-Library issues from 2023-24)","1057839.00 Number","Number","2022/2023","2022-04-01","2023-03-31","Monthly"
"LIB02","Books Borrowed - All Libraries - (includes E-Library issues from 2023-24)","250588.00 Number","Number","2022/2023_Q1","2022-04-01","2022-06-30","Monthly"
"LIB02","Books Borrowed - All Libraries - (includes E-Library issues from 2023-24)","86865.00 Number","Number","2022/2023_May","2022-05-01","2022-05-31","Monthly"
"LIB02","Books Borrowed - All Libraries - (includes E-Library issues from 2023-24)","80312.00 Number","Number","2022/2023_Jun","2022-06-01","2022-06-30","Monthly"
"LIB02","Books Borrowed - All Libraries - (includes E-Library issues from 2023-24)","93228.00 Number","Number","2022/2023_Jul","2022-07-01","2022-07-31","Monthly"
"LIB02","Books Borrowed - All Libraries - (includes E-Library issues from 2023-24)","277414.00 Number","Number","2022/2023_Q2","2022-07-01","2022-09-30","Monthly"
"LIB02","Books Borrowed - All Libraries - (includes E-Library issues from 2023-24)","96978.00 Number","Number","2022/2023_Aug","2022-08-01","2022-08-31","Monthly"
"LIB02","Books Borrowed - All Libraries - (includes E-Library issues from 2023-24)","87208.00 Number","Number","2022/2023_Sep","2022-09-01","2022-09-30","Monthly"
"LIB02","Books Borrowed - All Libraries - (includes E-Library issues from 2023-24)","257823.00 Number","Number","2022/2023_Q3","2022-10-01","2022-12-31","Monthly"
"LIB02","Books Borrowed - All Libraries - (includes E-Library issues from 2023-24)","93843.00 Number","Number","2022/2023_Oct","2022-10-01","2022-10-31","Monthly"
"LIB02","Books Borrowed - All Libraries - (includes E-Library issues from 2023-24)","87472.00 Number","Number","2022/2023_Nov","2022-11-01","2022-11-30","Monthly"
"LIB02","Books Borrowed - All Libraries - (includes E-Library issues from 2023-24)","76508.00 Number","Number","2022/2023_Dec","2022-12-01","2022-12-31","Monthly"
"LIB02","Books Borrowed - All Libraries - (includes E-Library issues from 2023-24)","272014.00 Number","Number","2022/2023_Q4","2023-01-01","2023-03-31","Monthly"
"LIB02","Books Borrowed - All Libraries - (includes E-Library issues from 2023-24)","94784.00 Number","Number","2022/2023_Jan","2023-01-01","2023-01-31","Monthly"
"LIB02","Books Borrowed - All Libraries - (includes E-Library issues from 2023-24)","83212.00 Number","Number","2022/2023_Feb","2023-02-01","2023-02-28","Monthly"
"LIB02","Books Borrowed - All Libraries - (includes E-Library issues from 2023-24)","94018.00 Number","Number","2022/2023_Mar","2023-03-01","2023-03-31","Monthly"
"LIB02","Books Borrowed - All Libraries - (includes E-Library issues from 2023-24)","1081491.00 Number","Number","2023/2024","2023-04-01","2024-03-31","Monthly"
"LIB02","Books Borrowed - All Libraries - (includes E-Library issues from 2023-24)","87868.00 Number","Number","2023/2024_Apr","2023-04-01","2023-04-30","Monthly"
"LIB02","Books Borrowed - All Libraries - (includes E-Library issues from 2023-24)","254687.00 Number","Number","2023/2024_Q1","2023-04-01","2023-06-30","Monthly"
"LIB02","Books Borrowed - All Libraries - (includes E-Library issues from 2023-24)","84335.00 Number","Number","2023/2024_May","2023-05-01","2023-05-31","Monthly"
"LIB02","Books Borrowed - All Libraries - (includes E-Library issues from 2023-24)","82484.00 Number","Number","2023/2024_Jun","2023-06-01","2023-06-30","Monthly"
"LIB02","Books Borrowed - All Libraries - (includes E-Library issues from 2023-24)","99910.00 Number","Number","2023/2024_Jul","2023-07-01","2023-07-31","Monthly"
"LIB02","Books Borrowed - All Libraries - (includes E-Library issues from 2023-24)","294226.00 Number","Number","2023/2024_Q2","2023-07-01","2023-09-30","Monthly"
"LIB02","Books Borrowed - All Libraries - (includes E-Library issues from 2023-24)","100944.00 Number","Number","2023/2024_Aug","2023-08-01","2023-08-31","Monthly"
"LIB02","Books Borrowed - All Libraries - (includes E-Library issues from 2023-24)","93372.00 Number","Number","2023/2024_Sep","2023-09-01","2023-09-30","Monthly"
"LIB02","Books Borrowed - All Libraries - (includes E-Library issues from 2023-24)","263293.00 Number","Number","2023/2024_Q3","2023-10-01","2023-12-31","Monthly"
"LIB02","Books Borrowed - All Libraries - (includes E-Library issues from 2023-24)","94087.00 Number","Number","2023/2024_Oct","2023-10-01","2023-10-31","Monthly"
"LIB02","Books Borrowed - All Libraries - (includes E-Library issues from 2023-24)","89658.00 Number","Number","2023/2024_Nov","2023-11-01","2023-11-30","Monthly"
"LIB02","Books Borrowed - All Libraries - (includes E-Library issues from 2023-24)","79548.00 Number","Number","2023/2024_Dec","2023-12-01","2023-12-31","Monthly"
"LIB02","Books Borrowed - All Libraries - (includes E-Library issues from 2023-24)","NA","Number","2023/2024_Q4","2024-01-01","2024-03-31","Monthly"
"LIB02","Books Borrowed - All Libraries - (includes E-Library issues from 2023-24)","NA","Number","2023/2024_Jan","2024-01-01","2024-01-31","Monthly"
"LIB02","Books Borrowed - All Libraries - (includes E-Library issues from 2023-24)","NA","Number","2023/2024_Feb","2024-02-01","2024-02-29","Monthly"
"LIB02","Books Borrowed - All Libraries - (includes E-Library issues from 2023-24)","NA","Number","2023/2024_Mar","2024-03-01","2024-03-31","Monthly"
"LIB02","Books Borrowed - All Libraries - (includes E-Library issues from 2023-24)","1143213.00 Number","Number","2024/2025","2024-04-01","2025-03-31","Monthly"
