IT Use,2001-02,2002-03,2003-04,2004-05,2005-06,2006-07,2007-08,2008-09,2009-10,2010-11,2011-12,2012-13,2013-14,2014-15,2015-16,2016-17,2017/18
Allerton Bywater,N/A,191,1325,1213,886,957,662,915,1150,810,164,Closed,Closed,Closed,Closed,Closed,Closed
Ardsley & Tingley,N/A,N/A,N/A,1163,2252,2403,1877,1535,1229,1427,1317,1375,1725,1727,1395,1293,1414
Armley,N/A,N/A,7752,30806,36419,37808,39797,41012,44811,43078,48877,50889,49952,42744,38610,32614,30255
Armley Heights,N/A,N/A,733,467,1779,1467,1672,1728,2274,1991,237,Closed,Closed,Closed,Closed,Closed,Closed
Beeston,612,5986,13905,19936,17442,14660,13357,16741,16302,15649,19055,21389,22617,22167,15832,14055,11972
Belle Isle,578,808,N/A,3077,3854,4508,5304,5056,4835,4553,1038,Closed,Closed,Closed,Closed,Closed,Closed
Boston Spa,24,121,729,1285,1487,1560,1454,1532,1594,1371,1568,1590,1486,856,1114,967,660
Bramley,6698,11380,17168,19548,18778,15870,16657,17592,18933,17394,20692,27016,27877,23764,17165,17031,8347
Broad Lane,N/A,184,1460,1641,1989,2241,2181,1844,1882,1778,689,Closed,Closed,Closed,Closed,Closed,Closed
Burley,1769,5227,4304,4965,8056,7688,8018,8410,7762,6919,7491,6172,6718,5744,3065,Closed,Closed
Calverley,146,551,2122,2315,2325,2886,3226,3168,3234,2647,2708,2246,2121,2216,1506,1583,1202
Central Library,33909,30110,138601,178173,164703,183372,178139,180199,195890,182841,184901,193883,196125,173028,136183,121762,114864
Chapel Allerton,4023,8276,10120,13740,16404,15502,15013,14821,13753,13737,14955,13979,14720,13429,11525,10261,9394
Chapeltown,1255,2339,4978,3394,3721,3772,3772,3134,3248,7476,13314,14498,14749,15349,16324,16159,16217
Compton Road,8669,16142,39131,45506,44436,43797,44500,46895,20118,51025,68915,69944,80088,71436,66768,57835,43047
Cottingley,Closed,Closed,Closed,Closed,Closed,Closed,Closed,Closed,Closed,Closed,Closed,Closed,Closed,Closed,Closed,Closed,Closed
Cow Close,N/A,251,1045,1294,1601,1197,1245,1415,1469,1336,1561,361,Closed,Closed,Closed,Closed,Closed
Crossgates,1679,6406,17434,18087,24077,26317,27899,28436,28948,26627,27933,29135,31261,27561,20846,18403,16215
Dewsbury Road,319,440,2289,10255,14663,12742,10509,8503,8541,9644,10595,11780,14066,12994,8657,6993,11611
Drighlington,N/A,213,930,1039,1519,1631,1423,1411,1176,1113,1428,543,Closed,Closed,Closed,Closed,Closed
Farsley,158,4205,5128,5332,5152,5525,5245,5368,6025,4545,4573,4382,4624,3605,2702,2487,2387
Garforth,2600,8266,12511,21449,23074,19606,19628,13311,3753,28079,26556,22687,21436,16398,12200,10766,10664
Gildersome,N/A,59,1163,1113,1361,1697,1439,1156,1479,1300,1257,1029,1078,952,713,602,516
Guiseley,10,4940,8685,10386,14231,13048,12293,11160,10670,10153,9993,8774,8860,7601,6068,5395,4809
Halton,3704,4806,4927,6848,9122,10341,10584,10228,10116,10262,13398,13745,14532,13313,10490,9547,8408
Headingley,15130,23471,34675,42428,47889,50541,51020,52938,56411,52271,48211,46282,49339,43340,33467,31356,19515
Holbeck,144,739,3172,4337,3738,3689,3135,2856,2503,2236,692,Closed,Closed,Closed,Closed,Closed,Closed
Holt Park,1069,12307,11953,17521,23219,24515,18261,16751,15392,12027,16296,18538,18631,13424,10709,10893,9418
Horsforth,399,8725,18924,24593,25129,31124,30657,31060,30771,28061,27360,25920,25514,21462,18278,16168,15935
Hunslet,N/A,92,4212,5591,7323,8961,8471,8151,8397,7687,8086,8260,9797,8420,5827,4781,4447
Ireland Wood,N/A,N/A,556,911,864,1095,975,863,861,538,132,Closed,Closed,Closed,Closed,Closed,Closed
Kippax,583,2623,3831,6784,6467,6236,6061,5985,6266,5256,4497,4865,4796,4022,2274,3246,2974
Kirkstall,N/A,N/A,1354,1849,1796,2459,1711,1824,2239,2271,372,Closed,Closed,Closed,Closed,Closed,Closed
Lofthouse,N/A,55,139,210,498,584,566,423,281,244,89,Closed,Closed,Closed,Closed,Closed,Closed
Meanwood,Closed,Closed,Closed,Closed,Closed,Closed,Closed,Closed,Closed,Closed,Closed,Closed,Closed,Closed,Closed,Closed,Closed
Methley,N/A,8,173,236,556,677,475,294,300,158,226,229,297,218,Closed,Closed,Closed
Middleton,N/A,689,6315,9283,9536,7382,7512,7542,8487,7592,8807,9022,9714,8344,8983,9568,7478
Moor Allerton,10803,21980,28774,37064,43438,47578,45035,30819,39375,37234,36150,33278,34919,29393,25887,24400,24714
Morley,1127,12272,20900,27255,32023,27994,47227,47707,43396,37902,39265,40117,42632,35066,26262,21993,19745
Oakwood,455,4077,7666,11581,15074,15756,14978,13366,13608,13309,12961,12211,12560,11493,8883,7710,7871
Osmondthorpe,N/A,358,1337,1542,2105,1719,1706,1433,1580,1913,643,Closed,Closed,Closed,Closed,Closed,Closed
Otley,159,3339,7361,9319,16720,41249,41739,44659,39559,36778,33497,32481,34504,28499,22412,20621,19369
Oulton,Closed,Closed,Closed,Closed,Closed,Closed,Closed,Closed,Closed,Closed,Closed,Closed,Closed,Closed,Closed,Closed,Closed
Pudsey,969,4764,11693,18275,25669,29666,33457,34974,35048,33861,35052,33773,34625,30867,25571,22147,22305
Rawdon,127,1013,2512,2775,3216,3340,2986,2463,2055,2059,2067,2047,1067,Closed,Closed,Closed,Closed
Richmond Hill,N/A,72,534,1089,2137,2249,1658,1724,2107,1886,619,Closed,Closed,Closed,Closed,Closed,Closed
Rothwell,395,11641,17328,19769,21869,22622,23000,21768,20847,20089,19682,20883,22183,17779,14324,11528,9766
Scholes,N/A,39,639,964,1043,1007,1113,1185,891,788,581,317,193,329,95,20,36
Seacroft,7093,12890,18293,20522,24413,26810,22924,22223,21666,22478,24299,27914,32982,27013,16988,15929,18081
Shadwell,64,61,295,259,317,380,420,329,309,240,225,81,Closed,Closed,Closed,Closed,Closed
Swarcliffe,699,1229,1465,2040,2921,2808,3228,2822,1737,1501,280,Closed,Closed,Closed,Closed,Closed,Closed
Swillington,266,531,428,357,1081,995,1369,737,615,524,93,Closed,Closed,Closed,Closed,Closed,Closed
Swinnow,N/A,110,1688,1795,1729,1550,1407,759,668,752,216,Closed,Closed,Closed,Closed,Closed,Closed
Wetherby,27,6542,10325,9880,18288,19558,19798,19754,18200,17831,18216,15488,16295,13976,10285,8329,6572
Whinmoor,21,930,2433,1915,1981,1819,1473,1948,2215,1748,1155,956,895,1041,506,466,564
Woodhouse,Closed,Closed,Closed,Closed,Closed,Closed,Closed,Closed,Closed,Closed,Closed,Closed,Closed,Closed,Closed,Closed,Closed
Yeadon,141,5469,8425,9309,12691,13694,14071,12279,11565,11114,10998,11668,12525,9429,5662,9445,8948
