Month,Location ,0 > 4,05 > 09,10 > 15,16 > 19,20 > 24,25 > 34,35 > 44,45 > 54,55 > 64,65 > 74,75>,Not known
Jan-17,Ardsley and Tingley Library,0,0,2,0,2,4,9,20,34,17,0,7
Jan-17,Armley Library,0,29,96,44,92,518,550,523,380,190,21,173
Jan-17,Beeston Library,0,5,44,15,74,246,300,260,133,77,10,34
Jan-17,Boston Spa Library,0,0,5,1,3,1,6,16,18,14,1,0
Jan-17,Bramley Library,1,10,34,13,94,192,154,320,325,128,19,76
Jan-17,Calverley Library,0,0,3,0,9,25,2,16,29,7,8,2
Jan-17,Central Library,2,24,84,65,484,"1,854","1,969","2,052","1,453",725,118,806
Jan-17,Chapel Allerton Library,0,9,15,2,20,117,113,201,215,111,11,46
Jan-17,Chapeltown Library,0,16,75,11,103,218,214,361,207,21,11,74
Jan-17,Compton Road Library,2,69,290,179,451,"1,006",977,939,455,39,30,204
Jan-17,Crossgates Library,1,5,7,5,86,209,168,229,351,174,66,55
Jan-17,Dewsbury Road Library,0,2,6,1,41,115,159,96,64,25,0,31
Jan-17,Farsley Library,0,0,0,0,8,20,18,12,53,24,8,11
Jan-17,Garforth Library,0,5,111,16,49,72,72,157,154,163,71,125
Jan-17,Gildersome Library,0,0,8,0,0,1,1,28,5,1,8,6
Jan-17,Guiseley Library,0,0,14,0,9,50,112,65,115,110,34,10
Jan-17,Halton Library,0,22,61,1,20,98,60,154,135,85,26,56
Jan-17,Headingley Library,0,17,42,36,166,518,382,392,495,248,69,123
Jan-17,Holt Park Library,0,13,83,18,17,143,148,90,135,149,39,43
Jan-17,Horsforth Library,0,3,20,11,35,151,193,235,246,263,69,123
Jan-17,Hunslet Library,0,0,15,0,12,56,59,103,70,56,0,81
Jan-17,Kippax Library,0,1,25,6,11,29,19,116,46,45,2,14
Jan-17,Middleton Library,0,6,36,13,32,162,138,144,144,49,7,71
Jan-17,Moor Allerton Library,0,8,70,43,75,150,268,471,461,256,90,122
Jan-17,Morley Library,1,1,20,25,87,217,242,338,374,243,83,141
Jan-17,Oakwood Library,0,2,6,19,22,45,56,89,175,93,55,25
Jan-17,Otley Library,0,0,12,15,41,118,155,260,308,493,221,30
Jan-17,Pudsey Library,3,4,35,22,104,180,396,318,415,249,77,126
Jan-17,Rothwell Library,1,10,22,44,30,116,79,177,190,174,63,58
Jan-17,Seacroft,0,2,11,16,65,141,273,325,255,105,23,107
Jan-17,Wetherby,0,0,9,1,40,73,71,61,124,149,82,43
Jan-17,Whinmoor,0,0,3,3,0,2,3,18,15,6,0,0
Jan-17,Yeadon,0,0,11,5,46,65,148,148,98,192,51,31
Feb-17,Ardsley and Tingley Library,0,0,0,0,0,8,13,7,36,24,0,8
Feb-17,Armley Library,0,48,103,30,98,546,487,519,331,163,13,139
Feb-17,Beeston Library,0,12,60,18,70,222,214,211,120,71,11,31
Feb-17,Boston Spa Library,0,0,2,2,0,0,4,22,21,15,6,5
Feb-17,Bramley Library,0,7,13,5,105,192,192,278,349,131,21,87
Feb-17,Calverley Library,0,1,5,0,4,28,1,23,27,10,7,0
Feb-17,Central Library,1,21,118,83,363,"1,959","1,984","2,009","1,355",739,102,678
Feb-17,Chapel Allerton Library,1,14,21,4,19,84,106,167,174,113,21,33
Feb-17,Chapeltown Library,0,23,91,27,83,177,183,385,176,14,8,84
Feb-17,Compton Road Library,2,85,363,83,398,775,892,892,368,53,19,314
Feb-17,Crossgates Library,1,14,40,17,57,146,186,258,356,178,62,56
Feb-17,Dewsbury Road Library,1,6,12,12,33,133,153,98,55,19,0,3
Feb-17,Farsley Library,0,0,5,5,13,11,17,27,57,25,11,9
Feb-17,Garforth Library,0,9,74,13,32,68,122,137,86,111,60,142
Feb-17,Gildersome Library,0,0,7,0,3,1,1,30,6,3,8,0
Feb-17,Guiseley Library,0,0,11,1,8,61,75,69,101,81,31,16
Feb-17,Halton Library,0,21,62,6,21,125,63,152,119,96,40,46
Feb-17,Headingley Library,0,16,52,46,149,419,388,370,482,240,58,123
Feb-17,Holt Park Library,2,16,127,17,18,134,147,108,102,141,50,57
Feb-17,Horsforth Library,0,11,15,8,58,107,188,234,240,248,84,108
Feb-17,Hunslet Library,0,0,11,2,8,64,50,130,49,47,0,25
Feb-17,Kippax Library,0,3,12,5,6,22,29,94,42,55,8,11
Feb-17,Middleton Library,0,5,88,9,10,146,131,154,136,46,7,60
Feb-17,Moor Allerton Library,0,21,64,35,63,136,242,409,491,261,91,80
Feb-17,Morley Library,1,1,33,13,83,184,230,321,364,241,113,105
Feb-17,Oakwood Library,0,0,8,12,26,30,41,94,172,92,47,29
Feb-17,Otley Library,0,2,16,17,29,89,129,277,293,526,233,38
Feb-17,Pudsey Library,0,6,21,18,87,186,327,284,458,178,81,104
Feb-17,Rothwell Library,2,8,36,44,31,96,71,113,164,165,68,89
Feb-17,Seacroft,0,7,24,12,44,150,202,281,233,102,13,110
Feb-17,Wetherby,0,0,7,10,15,69,94,76,121,90,70,30
Feb-17,Whinmoor,0,4,8,0,0,8,4,12,15,1,0,0
Feb-17,Yeadon,0,3,21,10,25,73,116,95,100,177,38,47
Mar-17,Ardsley and Tingley Library,0,1,0,0,0,8,7,10,40,21,0,15
Mar-17,Armley Library,0,32,95,23,90,610,553,523,402,203,17,170
Mar-17,Beeston Library,0,9,23,11,60,236,242,258,142,73,11,33
Mar-17,Boston Spa Library,0,0,3,0,0,1,3,14,16,13,1,1
Mar-17,Bramley Library,0,12,16,5,86,238,190,295,410,121,7,98
Mar-17,Calverley Library,0,1,8,0,8,26,2,23,36,14,7,1
Mar-17,Central Library,4,14,104,94,473,"1,864","1,971","2,183","1,425",702,106,831
Mar-17,Chapel Allerton Library,0,4,13,2,29,114,112,152,167,127,12,29
Mar-17,Chapeltown Library,0,33,78,31,57,191,240,418,260,29,21,124
Mar-17,Compton Road Library,0,98,175,124,402,819,"1,034",900,498,50,31,118
Mar-17,Crossgates Library,0,6,49,12,104,225,269,322,410,220,86,55
Mar-17,Dewsbury Road Library,0,2,8,3,27,99,124,118,42,26,0,5
Mar-17,Farsley Library,0,0,0,1,20,25,27,21,78,25,12,13
Mar-17,Garforth Library,0,7,86,29,34,70,105,170,127,152,63,120
Mar-17,Gildersome Library,0,0,10,0,13,1,1,26,6,4,14,0
Mar-17,Guiseley Library,0,1,6,4,13,69,66,71,121,85,36,19
Mar-17,Halton Library,0,23,46,2,20,116,81,153,125,111,36,47
Mar-17,Headingley Library,1,16,52,22,160,514,429,427,531,285,62,139
Mar-17,Holt Park Library,0,5,135,33,18,165,161,153,127,159,39,51
Mar-17,Horsforth Library,0,6,23,15,24,143,195,275,190,264,85,160
Mar-17,Hunslet Library,0,1,9,0,6,73,68,152,59,83,1,28
Mar-17,Kippax Library,0,2,14,0,7,18,22,77,20,65,2,15
Mar-17,Middleton Library,0,3,35,6,18,161,146,207,149,58,7,97
Mar-17,Moor Allerton Library,0,10,68,27,77,185,255,426,617,272,107,71
Mar-17,Morley Library,0,1,33,10,73,209,282,416,447,249,117,120
Mar-17,Oakwood Library,0,1,4,3,36,64,66,111,240,100,36,47
Mar-17,Otley Library,0,1,15,20,19,69,162,354,343,605,244,67
Mar-17,Pudsey Library,0,8,31,17,138,221,307,308,525,207,83,105
Mar-17,Rothwell Library,0,4,41,27,69,118,104,176,200,161,74,70
Mar-17,Seacroft,0,0,10,12,69,138,285,366,311,114,23,133
Mar-17,Wetherby,0,0,15,4,23,86,93,85,145,72,78,45
Mar-17,Whinmoor,0,2,3,0,0,10,5,13,12,4,2,1
Mar-17,Yeadon,0,5,6,3,25,76,136,117,118,190,41,45
Apr-17,Ardsley and Tingley Library,0,1,0,1,1,2,4,22,37,16,3,9
Apr-17,Armley Library,0,21,71,38,82,404,461,481,330,170,20,179
Apr-17,Beeston Library,0,34,52,32,47,147,201,248,128,49,9,44
Apr-17,Boston Spa Library,0,0,0,0,1,0,3,7,14,12,3,5
Apr-17,Bramley Library,2,7,11,35,36,123,136,274,380,107,25,73
Apr-17,Calverley Library,0,0,5,0,3,23,5,5,20,2,6,3
Apr-17,Central Library,2,16,80,72,455,"1,696","1,802","2,270","1,265",684,100,694
Apr-17,Chapel Allerton Library,0,9,11,15,30,103,73,104,163,89,24,43
Apr-17,Chapeltown Library,0,28,121,39,45,115,224,329,232,30,6,104
Apr-17,Compton Road Library,1,104,255,148,283,669,769,686,470,31,22,93
Apr-17,Crossgates Library,0,13,35,20,80,195,210,269,322,155,57,47
Apr-17,Dewsbury Road Library,0,0,0,0,1,0,0,0,0,0,0,0
Apr-17,Farsley Library,0,1,3,2,4,19,9,22,48,30,10,14
Apr-17,Garforth Library,0,13,36,18,28,43,82,123,110,124,61,108
Apr-17,Gildersome Library,0,0,0,0,7,0,3,22,2,4,12,4
Apr-17,Guiseley Library,0,0,4,3,6,28,40,58,92,56,35,15
Apr-17,Halton Library,0,17,35,17,38,85,104,92,144,99,40,50
Apr-17,Headingley Library,1,12,38,41,138,399,316,442,487,219,64,138
Apr-17,Holt Park Library,0,5,49,31,33,171,102,161,112,145,47,32
Apr-17,Horsforth Library,0,7,20,15,31,113,140,236,198,257,93,108
Apr-17,Hunslet Library,0,0,8,7,12,72,40,85,56,48,2,32
Apr-17,Kippax Library,0,4,24,4,5,22,14,81,19,44,3,6
Apr-17,Middleton Library,0,1,36,3,23,117,124,196,116,44,7,54
Apr-17,Moor Allerton Library,0,15,60,45,76,176,208,360,593,221,88,45
Apr-17,Morley Library,3,8,37,8,69,169,250,365,314,205,100,91
Apr-17,Oakwood Library,0,2,9,11,31,49,53,82,219,74,33,32
Apr-17,Otley Library,0,2,23,22,16,54,164,290,314,443,224,27
Apr-17,Pudsey Library,1,11,14,14,137,218,232,310,421,190,84,133
Apr-17,Rothwell Library,0,2,19,34,36,87,75,158,171,151,74,48
Apr-17,Seacroft,0,16,33,13,74,102,225,283,257,100,21,57
Apr-17,Wetherby,0,2,12,10,18,76,61,78,134,80,71,37
Apr-17,Whinmoor,0,0,3,0,2,0,5,14,16,4,1,0
Apr-17,Yeadon,0,1,14,6,19,60,121,98,119,178,50,40
May-17,Ardsley and Tingley Library,0,1,0,1,1,21,5,23,63,15,1,11
May-17,Armley Library,0,27,44,28,98,512,483,506,408,240,22,166
May-17,Beeston Library,0,13,39,16,61,235,273,311,147,64,6,56
May-17,Boston Spa Library,0,0,0,2,1,3,4,11,14,11,2,13
May-17,Bramley Library,0,2,6,6,4,36,29,47,65,24,3,16
May-17,Calverley Library,0,0,1,0,2,22,5,5,27,5,7,3
May-17,Central Library,4,7,61,55,511,"2,044","2,100","2,610","1,468",785,103,878
May-17,Chapel Allerton Library,0,6,16,0,18,132,122,185,180,123,20,42
May-17,Chapeltown Library,1,34,49,22,50,205,245,377,280,34,14,127
May-17,Compton Road Library,0,120,226,107,250,663,777,772,585,49,28,77
May-17,Crossgates Library,0,1,17,10,74,251,196,298,370,146,73,64
May-17,Dewsbury Road Library,0,0,0,0,1,0,1,0,0,0,0,0
May-17,Farsley Library,0,0,2,2,15,35,17,18,48,24,20,18
May-17,Garforth Library,0,3,40,9,28,39,98,138,152,114,71,157
May-17,Gildersome Library,0,0,8,0,7,0,4,18,3,1,6,3
May-17,Guiseley Library,0,0,8,3,10,38,45,117,104,68,36,13
May-17,Halton Library,0,12,50,8,48,84,66,140,161,97,18,63
May-17,Headingley Library,0,4,36,19,161,410,369,457,546,271,75,231
May-17,Holt Park Library,0,8,62,24,35,149,167,156,133,132,57,29
May-17,Horsforth Library,1,1,78,20,29,120,197,267,217,321,108,133
May-17,Hunslet Library,0,0,7,3,10,97,68,101,58,48,1,42
May-17,Kippax Library,0,2,5,3,4,27,35,83,32,58,2,16
May-17,Middleton Library,0,3,39,12,56,155,144,209,103,37,5,78
May-17,Moor Allerton Library,0,10,36,53,65,167,285,390,616,257,119,69
May-17,Morley Library,0,2,26,7,63,182,292,461,412,228,110,90
May-17,Oakwood Library,0,3,4,3,21,40,45,105,260,75,46,24
May-17,Otley Library,0,0,16,16,24,51,144,336,316,465,259,25
May-17,Pudsey Library,2,2,17,19,79,159,278,315,645,212,100,145
May-17,Rothwell Library,0,6,19,37,24,98,66,126,213,144,62,68
May-17,Seacroft,0,6,5,14,52,122,305,358,259,86,24,88
May-17,Wetherby,0,0,15,9,7,57,70,90,142,88,69,44
May-17,Whinmoor,0,1,1,1,0,1,4,14,19,8,0,3
May-17,Yeadon,0,0,10,10,24,74,91,114,142,202,64,57
Jun-17,Ardsley and Tingley Library,0,0,0,1,1,14,9,15,83,26,0,13
Jun-17,Armley Library,0,30,50,43,105,478,492,494,410,278,50,218
Jun-17,Beeston Library,0,12,30,9,43,249,263,307,180,71,3,31
Jun-17,Boston Spa Library,0,0,2,5,0,1,2,14,17,12,2,4
Jun-17,Bramley Library,0,0,0,0,0,0,0,0,0,0,0,0
Jun-17,Calverley Library,0,0,4,0,3,31,8,13,49,17,9,11
Jun-17,Central Library,2,9,54,77,465,"1,758","2,133","2,221","1,398",634,58,793
Jun-17,Chapel Allerton Library,0,16,12,6,37,105,117,201,195,91,14,40
Jun-17,Chapeltown Library,1,16,24,46,45,171,219,341,258,56,11,105
Jun-17,Compton Road Library,6,106,202,163,302,749,764,757,498,52,19,106
Jun-17,Crossgates Library,1,6,25,19,64,199,195,326,351,172,43,88
Jun-17,Dewsbury Road Library,0,0,0,0,1,0,0,0,0,0,0,0
Jun-17,Farsley Library,0,0,5,13,10,40,28,32,55,37,12,16
Jun-17,Garforth Library,0,1,56,10,30,69,75,163,137,145,63,170
Jun-17,Gildersome Library,0,0,6,2,9,3,9,16,2,0,3,3
Jun-17,Guiseley Library,0,0,4,2,15,45,40,100,73,75,32,15
Jun-17,Halton Library,0,16,30,18,57,101,86,128,145,92,19,87
Jun-17,Headingley Library,3,9,24,29,201,512,390,434,551,302,62,204
Jun-17,Holt Park Library,2,28,59,20,26,122,169,159,93,143,46,32
Jun-17,Horsforth Library,0,3,52,5,27,105,170,187,181,261,89,112
Jun-17,Hunslet Library,0,0,3,6,15,67,68,89,35,57,1,29
Jun-17,Kippax Library,0,3,6,4,12,22,38,86,45,89,5,18
Jun-17,Middleton Library,0,4,37,31,43,156,146,196,145,42,4,59
Jun-17,Moor Allerton Library,0,10,32,38,85,170,259,388,544,257,103,52
Jun-17,Morley Library,0,0,32,10,77,197,309,416,393,226,124,104
Jun-17,Oakwood Library,0,5,7,12,10,44,63,189,243,66,45,34
Jun-17,Otley Library,0,2,7,32,22,45,184,300,354,457,270,43
Jun-17,Pudsey Library,4,3,15,15,66,178,325,360,539,234,99,148
Jun-17,Rothwell Library,0,9,23,41,32,114,90,142,168,124,72,64
Jun-17,Seacroft,0,2,27,14,48,112,270,306,257,102,22,58
Jun-17,Wetherby,0,0,7,0,18,59,77,107,111,82,93,53
Jun-17,Whinmoor,0,1,1,2,0,1,1,17,9,9,2,2
Jun-17,Yeadon,0,3,9,6,34,84,112,111,125,202,65,40
Jul-17,Ardsley and Tingley Library,0,0,0,0,4,31,7,21,90,22,7,9
Jul-17,Armley Library,0,28,67,28,121,542,494,483,415,256,32,226
Jul-17,Beeston Library,0,18,29,50,32,237,235,272,142,91,7,29
Jul-17,Boston Spa Library,0,0,0,0,0,8,3,10,16,6,3,7
Jul-17,Bramley Library,0,0,0,0,0,0,0,0,0,0,0,0
Jul-17,Calverley Library,0,0,3,0,2,25,2,10,46,7,10,2
Jul-17,Central Library,1,22,77,119,510,"1,667","1,954","2,196","1,538",650,85,930
Jul-17,Chapel Allerton Library,0,10,16,7,16,131,119,189,252,98,9,38
Jul-17,Chapeltown Library,0,27,62,53,43,163,221,432,208,22,14,102
Jul-17,Compton Road Library,0,94,311,141,345,717,737,706,427,93,24,108
Jul-17,Crossgates Library,0,12,31,13,61,187,196,296,310,183,42,74
Jul-17,Dewsbury Road Library,0,0,0,0,1,0,0,0,0,0,0,0
Jul-17,Farsley Library,0,1,3,18,4,34,26,31,56,46,11,15
Jul-17,Garforth Library,0,5,66,14,40,82,131,123,114,133,93,89
Jul-17,Gildersome Library,0,0,0,0,9,1,8,22,1,0,0,6
Jul-17,Guiseley Library,0,3,2,3,5,37,21,110,92,78,39,30
Jul-17,Halton Library,0,8,47,7,50,72,72,102,124,122,16,70
Jul-17,Headingley Library,1,10,21,43,153,462,355,409,480,283,62,131
Jul-17,Holt Park Library,1,15,40,24,20,132,141,174,118,124,49,36
Jul-17,Horsforth Library,0,7,19,19,47,117,199,211,248,259,97,122
Jul-17,Hunslet Library,0,0,6,7,23,58,58,105,57,52,6,28
Jul-17,Kippax Library,0,1,11,15,11,14,24,69,44,59,4,1
Jul-17,Middleton Library,0,1,27,22,65,156,132,149,153,36,2,44
Jul-17,Moor Allerton Library,0,21,40,43,65,150,212,417,627,243,89,82
Jul-17,Morley Library,1,5,29,10,56,198,300,398,415,248,99,70
Jul-17,Oakwood Library,0,0,6,13,27,34,60,178,248,122,50,23
Jul-17,Otley Library,0,0,8,20,25,43,154,251,293,441,266,37
Jul-17,Pudsey Library,2,5,11,23,94,181,298,322,578,244,93,170
Jul-17,Rothwell Library,0,6,25,32,31,98,94,129,159,113,86,73
Jul-17,Seacroft,0,14,51,37,73,127,301,399,341,136,28,183
Jul-17,Wetherby,0,0,7,5,9,56,56,112,125,81,81,41
Jul-17,Whinmoor,0,0,0,5,2,4,5,13,7,1,11,11
Jul-17,Yeadon,0,0,1,1,0,0,1,1,4,9,1,0
Aug-17,Ardsley and Tingley Library,0,0,1,2,3,13,1,17,56,11,0,7
Aug-17,Armley Library,0,41,158,22,93,535,492,509,404,265,35,182
Aug-17,Beeston Library,0,19,36,33,47,213,183,248,142,47,7,28
Aug-17,Boston Spa Library,0,0,2,0,0,2,5,11,13,14,5,4
Aug-17,Bramley Library,0,0,0,0,0,0,0,0,0,0,0,0
Aug-17,Calverley Library,1,1,6,0,3,26,4,4,27,20,7,4
Aug-17,Central Library,2,58,138,120,683,"1,796","2,041","2,201","1,696",725,108,870
Aug-17,Chapel Allerton Library,0,8,6,7,26,113,94,138,202,83,26,45
Aug-17,Chapeltown Library,0,61,141,26,46,142,198,458,245,45,11,102
Aug-17,Compton Road Library,13,229,586,224,331,660,722,702,486,44,21,89
Aug-17,Crossgates Library,0,10,25,5,79,148,147,239,264,136,48,57
Aug-17,Dewsbury Road Library,0,0,0,0,0,0,0,0,0,0,0,23
Aug-17,Farsley Library,0,0,16,3,4,36,18,8,57,25,10,13
Aug-17,Garforth Library,1,25,36,7,32,51,75,132,109,226,71,126
Aug-17,Gildersome Library,0,0,1,0,6,0,4,21,4,0,0,3
Aug-17,Guiseley Library,0,9,7,7,15,32,31,96,78,68,40,23
Aug-17,Halton Library,1,11,23,15,74,89,91,119,135,115,20,68
Aug-17,Headingley Library,0,14,32,42,156,371,300,432,500,337,78,149
Aug-17,Holt Park Library,1,41,86,21,23,148,123,154,94,122,44,28
Aug-17,Horsforth Library,0,9,32,12,86,126,159,221,229,281,106,113
Aug-17,Hunslet Library,0,0,18,4,6,50,40,107,52,52,0,18
Aug-17,Kippax Library,0,3,25,7,10,22,40,65,27,67,3,10
Aug-17,Middleton Library,0,6,15,24,82,184,130,166,125,36,0,63
Aug-17,Moor Allerton Library,1,61,63,44,41,129,222,414,624,282,99,75
Aug-17,Morley Library,3,12,56,2,44,177,289,338,423,208,124,109
Aug-17,Oakwood Library,0,0,3,10,46,30,44,158,250,85,42,35
Aug-17,Otley Library,0,7,17,25,34,56,182,258,337,508,252,21
Aug-17,Pudsey Library,2,7,22,24,128,198,317,367,620,260,123,187
Aug-17,Rothwell Library,0,6,32,56,28,90,69,111,162,141,55,74
Aug-17,Seacroft,0,21,69,26,97,113,289,344,359,183,37,84
Aug-17,Wetherby,0,0,21,6,4,63,61,99,135,100,68,56
Aug-17,Whinmoor,0,0,1,0,0,2,3,18,11,3,0,3
Aug-17,Yeadon,0,4,21,6,44,62,104,114,122,199,80,51
Sep-17,Ardsley and Tingley Library,0,0,0,0,3,16,3,37,42,17,1,12
Sep-17,Armley Library,2,24,97,27,189,531,487,522,456,234,51,281
Sep-17,Beeston Library,0,13,58,34,41,222,170,274,166,85,5,16
Sep-17,Boston Spa Library,0,0,12,0,0,3,2,7,19,7,0,5
Sep-17,Bramley Library,0,0,0,0,0,0,0,0,0,0,0,0
Sep-17,Calverley Library,0,0,1,0,1,36,2,13,28,19,10,7
Sep-17,Central Library,0,22,83,125,730,"1,900","1,981","2,010","1,653",663,115,889
Sep-17,Chapel Allerton Library,0,9,10,4,48,134,118,166,235,82,13,49
Sep-17,Chapeltown Library,0,51,126,23,62,176,264,340,272,79,10,127
Sep-17,Compton Road Library,10,126,495,196,368,649,644,658,424,78,20,112
Sep-17,Crossgates Library,0,9,20,13,87,195,198,309,359,143,84,70
Sep-17,Dewsbury Road Library,0,10,16,30,52,171,402,406,193,14,1,36
Sep-17,Farsley Library,0,1,19,1,10,22,16,21,50,39,10,8
Sep-17,Garforth Library,2,12,78,17,37,72,119,155,108,229,82,178
Sep-17,Gildersome Library,0,0,1,0,7,1,3,18,2,1,0,1
Sep-17,Guiseley Library,0,1,8,8,31,45,30,107,92,101,48,17
Sep-17,Halton Library,1,16,53,7,56,115,109,85,132,119,24,101
Sep-17,Headingley Library,1,12,55,58,196,416,357,416,430,309,94,153
Sep-17,Holt Park Library,0,11,77,24,11,117,161,152,112,123,36,50
Sep-17,Horsforth Library,0,6,50,14,77,138,200,210,259,325,114,161
Sep-17,Hunslet Library,0,0,3,6,11,49,59,105,45,50,4,27
Sep-17,Kippax Library,0,1,18,15,13,24,30,71,21,79,5,6
Sep-17,Middleton Library,0,5,14,22,50,154,143,195,148,49,1,76
Sep-17,Moor Allerton Library,6,46,84,38,70,183,261,502,622,199,60,58
Sep-17,Morley Library,0,9,39,10,55,187,274,368,417,192,93,125
Sep-17,Oakwood Library,0,0,1,17,41,32,57,180,269,95,24,21
Sep-17,Otley Library,0,6,13,37,28,56,170,251,299,519,296,20
Sep-17,Pudsey Library,0,13,41,17,71,200,388,384,678,214,99,150
Sep-17,Rothwell Library,1,4,10,38,27,86,103,99,148,157,57,82
Sep-17,Seacroft,0,15,45,14,96,158,352,373,353,162,26,47
Sep-17,Wetherby,0,15,45,14,96,158,352,373,353,162,26,47
Sep-17,Whinmoor,0,1,1,5,0,1,5,27,16,6,0,3
Sep-17,Yeadon,4,3,15,5,71,41,104,142,109,226,63,66
Oct-17,Ardsley and Tingley Library,0,1,15,2,5,11,9,23,41,14,0,7
Oct-17,Armley Library,0,19,53,53,129,579,500,568,426,216,30,282
Oct-17,Beeston Library,0,25,68,32,37,213,224,227,125,93,9,28
Oct-17,Boston Spa Library,0,0,8,2,0,1,2,5,25,15,2,6
Oct-17,Bramley Library,0,6,23,13,9,91,58,121,181,40,17,58
Oct-17,Calverley Library,0,1,5,1,2,42,7,8,28,15,7,3
Oct-17,Central Library,7,29,102,138,748,"1,775","1,889","2,056","1,543",703,83,778
Oct-17,Chapel Allerton Library,0,2,26,12,46,123,143,214,229,79,23,26
Oct-17,Chapeltown Library,0,63,127,26,44,217,283,358,277,74,10,145
Oct-17,Compton Road Library,1,165,606,239,412,727,792,732,455,82,25,118
Oct-17,Crossgates Library,0,10,35,17,76,234,226,291,333,155,52,69
Oct-17,Dewsbury Road Library,0,6,42,17,63,222,392,465,289,29,0,71
Oct-17,Farsley Library,0,3,4,3,0,30,34,22,53,31,10,6
Oct-17,Garforth Library,1,21,67,18,23,66,101,136,99,189,71,252
Oct-17,Gildersome Library,0,0,1,0,5,0,6,18,4,0,1,5
Oct-17,Guiseley Library,0,1,21,3,24,23,36,67,128,109,45,25
Oct-17,Halton Library,2,14,31,14,68,100,45,63,117,105,23,118
Oct-17,Headingley Library,3,7,67,61,192,539,402,369,520,336,60,166
Oct-17,Holt Park Library,4,14,88,39,24,100,94,146,100,105,23,79
Oct-17,Horsforth Library,0,16,53,6,36,152,161,246,217,299,129,120
Oct-17,Hunslet Library,0,0,21,3,10,74,71,92,46,55,0,10
Oct-17,Kippax Library,0,1,21,20,19,19,11,42,21,60,4,13
Oct-17,Middleton Library,0,4,36,12,19,125,145,188,101,59,4,83
Oct-17,Moor Allerton Library,1,32,73,46,71,152,369,504,682,263,70,101
Oct-17,Morley Library,1,7,40,14,78,156,243,310,413,197,88,92
Oct-17,Oakwood Library,0,1,15,19,23,41,49,185,255,86,21,36
Oct-17,Otley Library,0,5,22,35,30,76,170,273,362,555,265,67
Oct-17,Pudsey Library,0,14,16,13,43,185,380,348,559,257,86,162
Oct-17,Rothwell Library,0,8,29,26,22,75,129,123,151,152,55,55
Oct-17,Seacroft,0,12,49,15,65,131,369,352,360,152,24,68
Oct-17,Wetherby,0,1,6,5,5,59,64,73,145,118,64,55
Oct-17,Whinmoor,0,0,0,0,2,4,0,23,20,3,0,5
Oct-17,Yeadon,9,8,22,16,61,58,89,170,109,200,41,80
Nov-17,Ardsley and Tingley Library,0,1,2,1,0,8,4,25,44,17,0,10
Nov-17,Armley Library,0,18,61,40,66,527,421,473,331,212,17,215
Nov-17,Beeston Library,0,9,31,11,53,200,205,184,131,80,6,27
Nov-17,Boston Spa Library,0,0,4,0,0,3,6,3,25,10,3,5
Nov-17,Bramley Library,0,6,11,18,57,186,91,216,376,112,12,95
Nov-17,Calverley Library,0,0,8,1,2,34,3,12,22,12,0,2
Nov-17,Central Library,1,20,67,75,755,"1,832","1,709","2,044","1,519",584,110,838
Nov-17,Chapel Allerton Library,0,3,20,3,18,69,97,155,177,76,15,36
Nov-17,Chapeltown Library,0,38,42,6,35,176,246,334,246,72,4,134
Nov-17,Compton Road Library,3,73,271,161,345,697,594,650,476,63,15,174
Nov-17,Crossgates Library,8,12,9,11,89,156,186,260,322,125,55,47
Nov-17,Dewsbury Road Library,4,6,43,31,57,213,450,445,300,49,0,69
Nov-17,Farsley Library,0,0,9,4,5,16,26,31,45,37,6,21
Nov-17,Garforth Library,0,3,41,10,29,90,88,131,105,161,75,256
Nov-17,Gildersome Library,0,0,0,0,12,0,1,16,8,5,2,7
Nov-17,Guiseley Library,0,2,11,2,9,16,31,40,137,99,35,27
Nov-17,Halton Library,1,20,40,11,29,79,69,100,131,119,20,86
Nov-17,Headingley Library,1,19,37,42,118,320,336,273,409,273,43,135
Nov-17,Holt Park Library,0,15,60,23,31,74,62,97,106,131,25,44
Nov-17,Horsforth Library,0,4,54,15,35,118,112,191,234,324,118,119
Nov-17,Hunslet Library,0,0,4,2,11,72,51,89,40,61,0,22
Nov-17,Kippax Library,0,2,17,12,12,19,28,60,31,67,6,18
Nov-17,Middleton Library,0,2,22,5,44,93,115,163,111,39,9,66
Nov-17,Moor Allerton Library,2,22,50,14,57,137,244,454,697,233,88,53
Nov-17,Morley Library,0,4,36,12,55,186,272,304,379,177,92,112
Nov-17,Oakwood Library,0,4,7,12,17,32,56,178,227,86,19,40
Nov-17,Otley Library,0,1,11,28,41,107,119,267,367,441,245,37
Nov-17,Pudsey Library,0,4,17,15,65,215,235,367,504,280,68,141
Nov-17,Rothwell Library,1,6,29,11,34,84,90,147,145,142,51,60
Nov-17,Seacroft,0,5,46,15,67,142,343,315,345,153,27,71
Nov-17,Wetherby,0,0,7,5,12,27,49,69,118,103,48,53
Nov-17,Whinmoor,0,0,0,0,0,3,0,22,21,1,0,4
Nov-17,Yeadon,0,3,17,5,30,62,66,163,129,149,41,32
Dec-17,Ardsley and Tingley Library,0,1,4,0,0,6,4,9,30,14,0,5
Dec-17,Armley Library,2,9,68,19,66,387,398,428,268,183,16,181
Dec-17,Beeston Library,0,8,18,5,36,165,159,135,99,33,5,9
Dec-17,Boston Spa Library,0,0,1,0,0,0,0,5,27,6,1,1
Dec-17,Bramley Library,0,2,8,11,50,131,106,215,335,80,23,94
Dec-17,Calverley Library,0,2,3,0,0,15,2,15,34,10,1,2
Dec-17,Central Library,1,15,86,67,590,"1,541","1,504","1,697","1,339",595,102,612
Dec-17,Chapel Allerton Library,1,0,11,2,11,48,73,127,202,62,19,26
Dec-17,Chapeltown Library,3,47,55,10,37,93,187,316,167,37,5,125
Dec-17,Compton Road Library,0,114,275,153,217,401,428,406,325,49,6,121
Dec-17,Crossgates Library,4,18,15,24,52,118,157,197,297,147,47,41
Dec-17,Dewsbury Road Library,4,9,28,3,83,157,313,337,316,60,0,43
Dec-17,Farsley Library,0,0,3,4,2,20,7,19,34,28,8,9
Dec-17,Garforth Library,2,8,30,4,35,74,64,123,86,160,57,177
Dec-17,Gildersome Library,0,0,1,1,9,0,2,14,6,4,1,4
Dec-17,Guiseley Library,0,1,8,1,3,22,42,49,99,66,35,30
Dec-17,Halton Library,1,18,33,3,17,60,45,79,96,96,20,64
Dec-17,Headingley Library,0,0,0,0,0,0,0,0,0,0,0,0
Dec-17,Holt Park Library,0,8,37,10,19,68,69,79,66,110,16,71
Dec-17,Horsforth Library,0,4,35,17,16,117,105,180,238,236,73,87
Dec-17,Hunslet Library,0,0,18,0,1,43,23,68,31,47,0,21
Dec-17,Kippax Library,0,0,12,7,15,14,7,44,20,56,0,3
Dec-17,Middleton Library,0,2,16,10,24,76,73,132,80,26,3,33
Dec-17,Moor Allerton Library,1,10,37,24,68,104,240,405,588,201,70,96
Dec-17,Morley Library,0,5,32,8,44,159,223,237,286,160,59,80
Dec-17,Oakwood Library,0,1,9,6,7,47,42,104,164,63,21,38
Dec-17,Otley Library,0,0,4,31,24,66,139,212,268,356,231,21
Dec-17,Pudsey Library,0,9,24,9,42,147,222,221,375,186,47,91
Dec-17,Rothwell Library,0,9,22,19,24,80,72,95,137,133,53,60
Dec-17,Seacroft,0,4,29,14,50,143,288,260,302,143,19,42
Dec-17,Wetherby,0,1,6,7,21,31,62,72,112,76,47,35
Dec-17,Whinmoor,0,0,0,2,0,0,0,5,19,1,0,5
Dec-17,Yeadon,0,2,14,3,32,35,48,135,95,108,16,24
Jan-18,Ardsley and Tingley Library,0,0,2,0,0,13,11,10,46,18,0,8
Jan-18,Armley Library,4,27,47,27,109,455,490,568,327,171,27,251
Jan-18,Beeston Library,1,19,16,17,23,207,186,191,121,69,5,17
Jan-18,Boston Spa Library,0,0,4,0,0,3,7,3,17,18,2,7
Jan-18,Bramley Library,0,1,21,14,47,170,171,276,376,158,21,121
Jan-18,Calverley Library,0,0,1,1,0,28,3,17,22,20,4,3
Jan-18,Central Library,2,13,70,65,672,"1,896","1,665","2,075","1,438",588,114,702
Jan-18,Chapel Allerton Library,0,6,16,7,23,153,88,193,225,84,19,42
Jan-18,Chapeltown Library,2,73,54,44,38,198,211,323,199,35,10,151
Jan-18,Compton Road Library,5,68,235,138,297,745,784,633,446,58,16,106
Jan-18,Crossgates Library,5,4,23,32,75,131,191,231,337,188,54,66
Jan-18,Dewsbury Road Library,4,11,24,12,91,322,404,491,330,93,0,67
Jan-18,Farsley Library,0,1,3,0,7,39,30,33,56,42,4,16
Jan-18,Garforth Library,0,3,59,9,29,85,80,122,110,136,59,241
Jan-18,Gildersome Library,0,0,0,0,5,0,1,18,0,6,1,4
Jan-18,Guiseley Library,0,0,5,3,6,28,49,55,83,95,34,10
Jan-18,Halton Library,0,22,35,6,18,62,68,79,131,105,26,61
Jan-18,Headingley Library,0,0,0,0,0,0,0,0,0,0,0,0
Jan-18,Holt Park Library,0,9,46,13,19,70,110,136,103,125,38,29
Jan-18,Horsforth Library,0,7,27,26,46,112,117,269,258,342,81,107
Jan-18,Hunslet Library,0,0,20,3,10,74,49,93,39,71,0,40
Jan-18,Kippax Library,0,0,5,2,18,15,19,51,42,62,4,16
Jan-18,Middleton Library,0,0,15,4,28,111,110,140,106,48,7,50
Jan-18,Moor Allerton Library,4,17,44,50,114,226,302,436,633,240,88,63
Jan-18,Morley Library,1,4,41,9,54,188,296,268,362,211,60,82
Jan-18,Oakwood Library,0,1,3,4,6,46,58,133,221,80,34,23
Jan-18,Otley Library,0,9,18,44,52,65,133,306,309,444,238,46
Jan-18,Pudsey Library,0,5,14,6,46,98,244,248,414,256,50,120
Jan-18,Rothwell Library,0,11,21,2,37,80,112,129,141,154,68,59
Jan-18,Seacroft,0,7,17,14,139,163,318,388,388,178,36,81
Jan-18,Wetherby,0,3,12,3,9,25,64,90,163,57,61,34
Jan-18,Whinmoor,0,0,0,0,0,5,1,13,18,2,0,0
Jan-18,Yeadon,0,2,10,5,66,59,72,170,117,174,40,47
Feb-18,Ardsley and Tingley Library,0,0,0,0,0,9,9,6,34,13,1,6
Feb-18,Armley Library,4,17,65,50,102,316,445,517,328,170,11,260
Feb-18,Beeston Library,0,16,29,8,25,183,180,209,152,58,6,30
Feb-18,Boston Spa Library,0,0,7,0,0,2,5,3,17,15,1,0
Feb-18,Bramley Library,0,7,30,18,78,204,160,254,362,129,14,90
Feb-18,Calverley Library,0,1,4,0,1,15,3,12,26,22,1,5
Feb-18,Central Library,7,32,70,122,573,"1,784","1,582","1,918","1,383",586,99,656
Feb-18,Chapel Allerton Library,0,3,7,9,19,109,89,173,171,84,19,47
Feb-18,Chapeltown Library,0,66,99,40,25,126,244,269,222,30,5,150
Feb-18,Compton Road Library,2,127,387,97,215,563,693,558,409,65,19,140
Feb-18,Crossgates Library,5,25,16,22,70,139,193,196,269,172,36,70
Feb-18,Dewsbury Road Library,4,11,13,27,139,295,411,460,321,76,3,43
Feb-18,Farsley Library,0,0,4,0,8,48,27,35,50,30,3,20
Feb-18,Garforth Library,3,9,51,15,34,53,47,99,67,102,46,187
Feb-18,Gildersome Library,0,0,1,0,3,2,3,16,2,4,1,1
Feb-18,Guiseley Library,0,0,1,0,2,29,26,39,83,72,42,16
Feb-18,Halton Library,1,16,30,1,42,79,70,92,110,89,38,123
Feb-18,Holt Park Library,0,16,51,12,21,75,90,136,68,116,23,26
Feb-18,Horsforth Library,0,7,33,26,29,95,131,256,221,241,68,137
Feb-18,Hunslet Library,0,0,14,0,10,106,28,109,65,57,0,15
Feb-18,Kippax Library,0,1,4,6,14,19,7,46,22,66,1,1
Feb-18,Middleton Library,0,0,0,1,1,3,6,9,6,3,1,9
Feb-18,Moor Allerton Library,5,27,30,38,74,179,349,423,690,231,100,39
Feb-18,Morley Library,1,1,38,8,48,205,261,253,300,182,53,67
Feb-18,Oakwood Library,0,2,5,6,10,66,53,119,177,57,29,46
Feb-18,Otley Library,0,3,11,26,35,58,103,275,328,370,214,32
Feb-18,Pudsey Library,0,21,29,6,41,77,199,247,388,267,60,91
Feb-18,Rothwell Library,0,8,40,14,44,69,98,116,108,117,35,51
Feb-18,Scholes,0,0,0,0,0,0,0,1,0,1,0,0
Feb-18,Seacroft,0,8,31,6,95,126,282,435,353,173,33,63
Feb-18,Wetherby,0,0,8,4,5,39,78,57,98,52,42,26
Feb-18,Whinmoor,0,0,0,0,0,1,2,22,11,4,0,0
Feb-18,Yeadon,0,3,21,8,52,52,71,127,122,170,45,30
Mar-18,Ardsley and Tingley Library,0,0,1,0,0,12,4,11,39,8,1,6
Mar-18,Armley Library,3,11,67,31,154,372,470,533,357,176,19,245
Mar-18,Beeston Library,0,5,20,8,30,189,199,159,141,94,12,18
Mar-18,Boston Spa Library,0,0,6,1,0,5,7,7,22,5,0,1
Mar-18,Bramley Library,1,4,19,14,46,169,169,271,380,118,21,114
Mar-18,Calverley Library,0,0,1,0,0,18,1,12,19,37,2,3
Mar-18,Central Library,7,25,68,102,645,"1,936","1,585","2,044","1,442",680,104,838
Mar-18,Chapel Allerton Library,0,9,13,7,23,85,104,172,212,95,19,52
Mar-18,Chapeltown Library,1,53,108,26,32,131,211,290,180,24,11,141
Mar-18,Compton Road Library,6,89,274,178,315,629,670,633,375,51,18,133
Mar-18,Crossgates Library,0,16,10,17,67,179,235,218,327,161,36,62
Mar-18,Dewsbury Road Library,7,6,25,18,155,308,503,478,374,73,2,35
Mar-18,Farsley Library,0,0,5,10,1,42,11,22,37,21,3,8
Mar-18,Garforth Library,1,10,26,7,40,63,47,149,97,99,59,183
Mar-18,Gildersome Library,0,0,0,0,1,3,1,18,6,4,3,2
Mar-18,Guiseley Library,0,2,2,2,4,38,44,50,73,104,40,31
Mar-18,Halton Library,0,18,31,14,38,76,88,84,91,103,27,81
Mar-18,Holt Park Library,3,6,51,20,18,52,95,177,93,109,18,35
Mar-18,Horsforth Library,0,3,43,38,30,113,122,285,204,242,64,113
Mar-18,Hunslet Library,0,1,4,3,16,69,32,118,60,59,5,18
Mar-18,Kippax Library,0,1,5,2,22,24,14,52,35,75,2,4
Mar-18,Middleton Library,0,0,0,0,0,0,0,0,0,0,0,0
Mar-18,Moor Allerton Library,0,15,41,20,51,165,270,446,590,240,100,50
Mar-18,Morley Library,0,3,18,3,36,180,298,233,357,175,55,70
Mar-18,Oakwood Library,0,1,6,9,15,49,51,135,227,67,24,57
Mar-18,Otley Library,0,3,20,24,49,81,109,233,301,365,240,72
Mar-18,Pudsey Library,0,20,32,13,44,143,278,295,455,279,74,143
Mar-18,Rothwell Library,2,10,35,9,69,78,101,129,160,135,40,76
Mar-18,Scholes,0,0,0,0,0,0,0,1,0,0,0,0
Mar-18,Seacroft,0,4,14,15,112,139,296,430,358,185,37,66
Mar-18,Wetherby,0,2,9,7,11,44,76,67,105,81,30,61
Mar-18,Whinmoor,0,0,0,0,0,2,2,20,13,1,0,0
Mar-18,Yeadon,0,1,7,1,53,42,73,132,110,180,26,51
Apr-18,Ardsley and Tingley Library,0,0,0,0,0,12,11,5,68,18,2,4
Apr-18,Armley Library,4,16,67,23,111,358,430,507,362,178,11,290
Apr-18,Beeston Library,0,12,42,15,28,188,204,191,114,77,13,22
Apr-18,Boston Spa Library,0,0,2,0,1,3,5,4,22,6,0,0
Apr-18,Bramley Library,0,15,13,15,53,170,167,257,328,139,13,103
Apr-18,Calverley Library,1,0,2,2,0,17,2,6,21,11,3,1
Apr-18,Central Library,9,48,111,136,515,"1,520","1,556","1,769","1,342",570,159,626
Apr-18,Chapel Allerton Library,0,9,9,4,24,78,75,145,213,77,22,36
Apr-18,Chapeltown Library,3,45,70,29,34,141,224,233,151,19,16,161
Apr-18,Compton Road Library,3,122,292,180,261,647,674,492,388,46,12,103
Apr-18,Crossgates Library,2,17,34,8,58,150,171,215,294,163,37,43
Apr-18,Dewsbury Road Library,3,11,27,28,89,264,466,481,349,99,0,30
Apr-18,Farsley Library,0,2,3,0,4,42,30,13,25,27,3,11
Apr-18,Garforth Library,0,5,29,5,36,28,29,85,67,75,42,111
Apr-18,Gildersome Library,0,0,0,0,1,0,3,18,3,0,6,0
Apr-18,Guiseley Library,0,2,5,3,15,35,25,55,74,84,34,24
Apr-18,Halton Library,0,8,24,9,29,50,66,62,110,101,15,85
Apr-18,Hawksworth,0,0,0,0,0,17,1,2,23,0,0,28
Apr-18,Headingley Library,0,0,0,0,0,2,3,9,12,7,0,8
Apr-18,Holt Park Library,4,26,45,22,13,65,87,168,107,132,34,45
Apr-18,Horsforth Library,0,11,25,21,20,98,101,330,218,266,61,100
Apr-18,Hunslet Library,0,0,10,0,22,60,51,109,45,61,0,26
Apr-18,Kippax Library,0,1,9,10,6,14,17,52,39,71,2,7
Apr-18,Moor Allerton Library,2,27,60,39,55,167,240,423,657,192,72,48
Apr-18,Morley Library,1,7,38,8,28,180,298,290,409,193,63,97
Apr-18,Oakwood Library,0,2,17,4,12,41,76,120,228,50,12,38
Apr-18,Otley Library,0,6,9,35,51,68,119,287,313,395,215,24
Apr-18,Pudsey Library,0,25,35,21,53,135,268,327,397,307,87,147
Apr-18,Rothwell Library,0,8,23,15,37,96,93,150,121,96,67,80
Apr-18,Scholes,0,0,0,0,0,0,1,0,4,0,0,0
Apr-18,Seacroft,0,19,37,16,121,137,279,414,396,179,19,70
Apr-18,Wetherby,0,0,6,7,15,37,81,66,153,61,37,54
Apr-18,Whinmoor,0,0,0,0,0,3,1,19,17,1,0,1
Apr-18,Yeadon,0,5,17,3,39,49,86,96,133,160,18,50
May-18,Ardsley and Tingley Library,0,0,1,0,0,5,4,2,54,15,0,7
May-18,Armley Library,4,19,45,19,129,308,410,468,387,173,18,265
May-18,Beeston Library,1,7,26,27,25,174,200,194,101,84,1,32
May-18,Boston Spa Library,0,1,6,1,3,0,10,5,18,14,0,0
May-18,Bramley Library,0,5,5,10,62,176,163,213,347,130,19,116
May-18,Calverley Library,0,0,2,2,0,9,1,13,25,4,1,1
May-18,Central Library,2,14,55,125,472,"1,571","1,622","1,660","1,257",465,121,666
May-18,Chapel Allerton Library,0,4,9,7,22,101,89,148,192,67,18,32
May-18,Chapeltown Library,0,34,71,10,22,107,225,240,165,48,10,152
May-18,Compton Road Library,0,92,236,280,293,677,630,544,354,44,16,133
May-18,Crossgates Library,1,8,11,9,57,166,212,217,341,150,38,77
May-18,Dewsbury Road Library,5,17,18,53,131,269,422,394,338,79,0,32
May-18,Farsley Library,0,1,0,0,4,26,21,15,37,25,1,14
May-18,Garforth Library,1,6,33,3,23,48,63,141,70,89,39,186
May-18,Gildersome Library,0,0,0,0,0,0,0,15,4,3,5,0
May-18,Guiseley Library,0,3,1,0,17,34,40,54,71,91,37,14
May-18,Halton Library,0,14,21,5,31,84,57,75,104,124,15,102
May-18,Headingley Library,1,7,33,71,99,217,199,308,341,228,30,117
May-18,Holt Park Library,2,13,19,10,13,93,146,116,104,112,29,28
May-18,Horsforth Library,1,4,23,22,24,96,87,227,211,214,55,83
May-18,Hunslet Library,0,2,11,4,9,65,50,88,37,59,0,13
May-18,Kippax Library,0,0,0,5,11,18,11,48,32,67,2,40
May-18,Middleton Library,0,2,9,6,18,57,29,52,36,16,4,52
May-18,Moor Allerton Library,0,13,44,60,65,187,230,405,553,164,71,74
May-18,Morley Library,0,1,21,4,71,186,312,289,326,196,84,99
May-18,Oakwood Library,0,2,14,2,16,57,55,116,185,54,20,42
May-18,Otley Library,0,2,9,19,21,71,99,283,257,379,226,30
May-18,Pudsey Library,0,18,36,7,79,143,241,316,362,294,64,133
May-18,Rothwell Library,0,0,36,17,32,102,117,137,149,98,54,95
May-18,Scholes,0,0,0,0,0,0,1,0,2,0,0,0
May-18,Seacroft,0,0,17,8,70,164,249,388,359,153,22,61
May-18,Wetherby,0,0,9,8,11,18,89,80,168,84,33,21
May-18,Whinmoor,0,0,0,0,0,3,2,15,18,2,0,0
Jun-18,Ardsley and Tingley Library,0,0,0,0,0,11,3,5,47,17,0,5
Jun-18,Armley Library,4,31,26,46,94,292,415,500,350,191,22,286
Jun-18,Beeston Library,0,3,16,16,23,158,153,170,91,69,5,43
Jun-18,Boston Spa Library,0,0,5,0,0,0,10,3,10,13,1,2
Jun-18,Bramley Library,0,7,5,12,50,140,161,225,384,124,12,78
Jun-18,Calverley Library,0,0,0,0,1,29,1,14,24,11,0,9
Jun-18,Central Library,1,15,45,101,431,"1,451","1,416","1,630","1,139",473,101,575
Jun-18,Chapel Allerton Library,0,5,7,10,14,75,68,171,149,65,23,34
Jun-18,Chapeltown Library,0,38,57,41,24,85,249,281,186,21,6,185
Jun-18,Compton Road Library,0,106,251,238,280,546,594,564,329,34,18,107
Jun-18,Crossgates Library,0,3,7,8,46,154,173,182,307,121,41,95
Jun-18,Dewsbury Road Library,1,16,4,40,109,244,465,421,318,79,3,40
Jun-18,Farsley Library,0,0,0,0,2,19,17,18,38,39,2,13
Jun-18,Garforth Library,0,6,43,7,15,70,72,156,87,97,46,167
Jun-18,Gildersome Library,0,0,0,0,0,2,4,18,8,4,2,3
Jun-18,Guiseley Library,0,0,0,1,14,19,23,55,88,109,26,20
Jun-18,Halton Library,0,6,17,10,23,63,74,70,135,120,24,83
Jun-18,Headingley Library,0,8,36,57,135,321,283,311,378,246,50,95
Jun-18,Holt Park Library,2,8,25,12,5,42,112,148,115,89,30,32
Jun-18,Horsforth Library,0,4,20,12,34,85,87,205,193,237,50,129
Jun-18,Hunslet Library,0,4,20,12,34,85,87,205,193,237,50,129
Jun-18,Kippax Library,0,9,3,4,7,11,11,40,26,70,4,4
Jun-18,Middleton Library,0,9,21,11,98,95,91,163,103,42,9,121
Jun-18,Moor Allerton Library,0,16,22,31,55,176,281,398,559,199,73,64
Jun-18,Morley Library,2,7,31,5,61,184,336,219,328,188,79,121
Jun-18,Oakwood Library,0,2,8,7,7,32,33,106,205,68,18,27
Jun-18,Otley Library,0,2,11,24,25,60,88,240,242,395,252,30
Jun-18,Pudsey Library,0,6,17,31,64,185,257,302,363,291,69,123
Jun-18,Rothwell Library,0,2,34,19,29,64,99,113,133,87,47,56
Jun-18,Scholes,0,0,0,0,0,1,0,1,5,1,0,0
Jun-18,Seacroft,0,7,7,5,43,157,236,374,397,178,21,97
Jun-18,Wetherby,0,0,8,3,6,19,62,80,138,98,28,46
Jun-18,Whinmoor,0,0,0,1,0,6,0,26,23,1,0,0
Jul-18,Ardsley and Tingley Library,0,0,0,0,2,2,7,5,13,64,0,7
Jul-18,Armley Library,0,28,44,26,106,233,365,441,260,133,49,215
Jul-18,Beeston Library,0,13,26,16,70,209,204,169,95,117,12,60
Jul-18,Boston Spa Library,0,0,2,1,0,2,8,2,20,10,0,0
Jul-18,Bramley Library,0,4,20,6,46,139,176,271,335,141,37,132
Jul-18,Calverley Library,0,1,2,0,2,22,4,13,43,19,3,2
Jul-18,Central Library,0,0,9,22,112,269,255,313,211,79,39,321
Jul-18,Chapel Allerton Library,0,7,12,0,26,94,80,197,158,105,34,49
Jul-18,Chapeltown Library,0,0,0,0,0,0,0,0,0,0,0,0
Jul-18,Compton Road Library,0,3,27,22,21,52,73,36,27,1,1,12
Jul-18,Crossgates Library,0,0,0,0,0,0,0,0,0,0,0,0
Jul-18,Dewsbury Road Library,0,19,15,14,147,236,350,361,292,128,10,43
Jul-18,Farsley Library,0,0,4,8,3,26,12,22,50,38,1,15
Jul-18,Gildersome Library,0,0,0,0,2,0,8,12,7,2,5,2
Jul-18,Guiseley Library,0,0,2,2,9,13,36,80,84,88,42,34
Jul-18,Halton Library,0,10,45,8,17,56,72,63,131,101,21,77
Jul-18,Hawksworth,0,0,0,2,4,25,7,4,20,0,0,26
Jul-18,Headingley Library,0,17,38,62,161,279,370,318,402,265,113,137
Jul-18,Holt Park Library,0,0,0,0,0,0,0,0,0,0,0,0
Jul-18,Horsforth Library,0,0,0,0,0,0,0,0,0,0,0,0
Jul-18,Hunslet Library,0,0,17,5,14,24,73,87,63,69,2,22
Jul-18,Kippax Library,0,4,18,12,4,23,11,36,37,68,3,15
Jul-18,Merrion One Stop,0,0,0,0,0,0,0,0,0,0,0,0
Jul-18,Middleton Library,0,2,14,14,47,115,113,161,114,28,19,114
Jul-18,Moor Allerton Library,0,0,0,0,0,0,0,0,0,0,0,0
Jul-18,Morley Library,0,0,0,0,0,0,0,0,0,0,0,0
Jul-18,Oakwood Library,0,2,5,11,25,69,52,125,275,77,19,41
Jul-18,Otley Library,0,1,10,34,29,74,46,193,182,250,161,37
Jul-18,Pudsey Library,0,0,0,0,0,0,0,0,0,0,0,0
Jul-18,Rothwell Library,0,0,50,10,42,92,102,128,146,125,68,103
Jul-18,Scholes Library,0,0,0,0,0,0,1,0,0,4,0,1
Jul-18,Seacroft Library,0,4,22,11,44,138,248,464,394,207,29,104
Jul-18,Wetherby,0,0,0,0,0,0,0,0,0,0,0,0
Jul-18,Whinmoor,0,0,0,0,0,3,5,22,21,4,0,2
Jul-18,Yeadon Library,0,1,13,17,13,47,82,121,116,160,32,54
Aug-18,Ardsley and Tingley Library,0,1,10,1,0,2,6,6,9,77,2,9
Aug-18,Armley Library,1,21,79,51,85,230,332,478,258,148,49,205
Aug-18,Beeston Library,0,8,16,12,20,143,159,198,133,125,17,28
Aug-18,Boston Spa Library,0,0,6,0,0,0,6,4,38,12,5,3
Aug-18,Bramley Library,0,28,83,7,35,110,212,241,308,163,41,118
Aug-18,Calverley Library,0,3,3,0,3,19,4,8,27,17,0,3
Aug-18,Central Library,0,0,3,21,116,265,189,209,174,76,32,234
Aug-18,Chapel Allerton Library,1,7,20,7,14,106,83,188,150,113,38,63
Aug-18,Chapeltown Library,0,0,0,0,0,0,0,0,0,0,0,0
Aug-18,Compton Road Library,0,8,39,16,23,51,66,39,24,8,3,14
Aug-18,Crossgates Library,0,0,0,0,0,0,0,0,0,0,0,0
Aug-18,Dewsbury Road Library,0,18,30,16,143,274,316,288,282,116,13,69
Aug-18,Farsley Library,0,3,8,1,1,17,19,12,46,31,5,20
Aug-18,Garforth Library,0,0,0,0,0,0,0,0,0,0,0,0
Aug-18,Gildersome Library,0,0,0,0,1,1,11,12,5,6,6,10
Aug-18,Guiseley Library,0,1,9,3,10,16,20,71,52,81,50,29
Aug-18,Halton Library,0,3,52,25,21,70,67,72,185,109,21,105
Aug-18,Hawksworth,0,0,0,1,0,4,4,1,15,0,0,13
Aug-18,Headingley Library,0,17,36,44,144,349,309,300,429,269,130,201
Aug-18,Holt Park Library,0,0,0,0,0,0,0,0,0,0,0,0
Aug-18,Horsforth Library,0,0,0,0,0,0,0,0,0,0,0,0
Aug-18,Hunslet Library,1,1,21,3,6,36,49,66,68,61,3,43
Aug-18,Merrion One Stop,0,0,0,0,0,0,0,0,0,0,0,0
Aug-18,Middleton Library,0,0,18,11,38,146,105,137,86,25,30,113
Aug-18,Moor Allerton Library,0,0,0,0,0,0,0,0,0,0,0,0
Aug-18,Morley Library,0,0,0,0,0,0,0,0,0,0,0,0
Aug-18,Oakwood Library,0,1,6,13,21,33,45,77,236,61,22,42
Aug-18,Otley Library,0,3,14,31,7,44,73,168,181,253,149,63
Aug-18,Pudsey Library,0,0,0,0,0,0,0,0,0,0,0,0
Aug-18,Rothwell Library,0,5,40,10,26,67,81,117,122,119,80,88
Aug-18,Scholes Library,0,0,0,0,0,0,0,3,0,0,1,0
Aug-18,Seacroft Library,0,9,75,14,45,135,200,366,368,184,33,147
Aug-18,Wetherby,0,0,0,0,0,0,0,0,0,0,0,0
Aug-18,Whinmoor,0,0,6,0,0,1,8,24,29,4,0,4
Aug-18,Yeadon Library,0,0,13,7,26,33,94,113,128,148,28,91
Sep-18,Ardsley and Tingley Library,0,3,12,0,1,4,9,7,10,52,3,3
Sep-18,Armley Library,0,14,34,26,80,283,280,327,273,121,53,184
Sep-18,Beeston Library,0,8,34,14,25,238,180,160,128,92,23,47
Sep-18,Boston Spa Library,0,0,3,0,0,1,6,3,37,16,2,1
Sep-18,Bramley Library,0,13,28,17,50,137,195,215,284,158,50,137
Sep-18,Calverley Library,0,0,2,2,0,11,3,4,27,13,1,0
Sep-18,Central Library,0,1,3,32,79,247,169,197,176,66,34,216
Sep-18,Chapel Allerton Library,0,4,11,5,15,113,62,199,155,119,36,50
Sep-18,Chapeltown Library,0,0,0,0,0,0,0,0,0,0,0,0
Sep-18,Compton Road Library,0,3,29,7,13,40,32,42,12,23,2,11
Sep-18,Crossgates Library,0,0,0,0,0,0,0,0,0,0,0,0
Sep-18,Dewsbury Road Library,1,4,13,27,133,223,322,305,239,121,11,61
Sep-18,Farsley Library,0,0,1,4,1,24,18,28,47,29,4,9
Sep-18,Garforth Library,0,0,0,0,0,0,0,0,0,0,0,0
Sep-18,Gildersome Library,0,0,0,0,9,2,2,13,3,8,8,5
Sep-18,Guiseley Library,0,0,2,1,5,21,27,59,52,72,47,35
Sep-18,Halton Library,0,5,30,15,9,53,69,46,142,120,13,81
Sep-18,Hawksworth,0,0,0,0,0,7,3,1,8,0,0,31
Sep-18,Headingley Library,0,14,39,70,183,347,312,319,385,296,76,194
Sep-18,Holt Park Library,0,0,0,0,0,0,0,0,0,0,0,0
Sep-18,Horsforth Library,0,0,0,0,0,0,0,0,0,0,0,0
Sep-18,Hunslet Library,1,2,10,3,2,22,56,88,61,52,9,43
Sep-18,Kippax Library,0,1,12,9,20,20,18,28,24,53,4,11
Sep-18,Merrion One Stop,0,0,0,0,0,0,0,0,0,0,0,0
Sep-18,Middleton Library,0,6,20,15,22,154,111,143,139,26,32,52
Sep-18,Moor Allerton Library,0,0,0,0,0,0,0,0,0,0,0,0
Sep-18,Morley Library,0,0,0,0,0,0,0,0,0,0,0,0
Sep-18,Oakwood Library,0,2,7,11,22,48,38,65,222,59,27,27
Sep-18,Otley Library,0,4,8,6,16,62,66,168,183,249,166,63
Sep-18,Pudsey Library,0,0,0,0,0,0,0,0,0,0,0,0
Sep-18,Rothwell Library,0,4,32,18,23,79,107,91,118,128,71,86
Sep-18,Scholes Library,0,0,0,0,0,0,0,0,2,0,0,0
Sep-18,Seacroft Library,0,2,31,8,37,135,215,326,265,166,30,113
Sep-18,Wetherby,0,0,0,0,0,0,0,0,0,0,0,0
Sep-18,Whinmoor,0,0,0,0,0,4,3,16,24,6,1,6
Sep-18,Yeadon Library,0,1,10,15,25,67,82,118,112,168,18,73
Oct-18,Ardsley and Tingley Library,0,1,7,1,1,8,2,9,10,67,3,7
Oct-18,Armley Library,0,8,60,22,117,299,324,438,312,184,44,264
Oct-18,Beeston Library,0,10,32,9,20,233,196,191,125,99,14,48
Oct-18,Boston Spa Library,0,0,4,0,0,2,7,4,26,16,0,2
Oct-18,Bramley Library,0,11,34,14,36,82,119,133,268,110,45,104
Oct-18,Calverley Library,0,0,17,0,1,18,1,7,22,10,0,1
Oct-18,Central Library,0,0,4,14,86,192,191,172,189,60,25,172
Oct-18,Chapel Allerton Library,0,5,11,9,27,110,72,233,145,133,42,36
Oct-18,Chapeltown Library,0,0,0,0,0,0,0,0,0,0,0,0
Oct-18,Compton Road Library,0,66,209,82,117,263,344,335,206,39,6,136
Oct-18,Crossgates Library,0,0,0,0,0,0,0,0,0,0,0,0
Oct-18,Dewsbury Road Library,0,2,30,18,119,216,393,396,291,104,12,85
Oct-18,Farsley Library,0,1,6,0,5,25,18,28,56,21,0,24
Oct-18,Garforth Library,0,0,0,0,0,0,0,0,0,0,0,0
Oct-18,Gildersome Library,0,2,3,0,9,0,1,15,6,3,5,4
Oct-18,Guiseley Library,0,0,5,8,11,21,36,62,70,64,44,24
Oct-18,Halton Library,0,9,27,19,21,68,60,51,114,127,25,60
Oct-18,Hawksworth,0,0,0,0,0,13,5,2,7,0,0,33
Oct-18,Headingley Library,0,10,40,48,130,339,312,319,405,305,84,194
Oct-18,Holt Park Library,0,0,0,0,0,0,0,0,0,0,0,0
Oct-18,Horsforth Library,0,0,0,0,0,0,0,0,0,0,0,0
Oct-18,Hunslet Library,0,0,13,1,2,27,60,93,83,85,2,57
Oct-18,Kippax Library,1,1,19,5,2,20,24,35,46,79,3,8
Oct-18,Merrion One Stop,0,0,0,0,0,0,0,0,0,0,0,0
Oct-18,Middleton Library,0,4,36,20,22,165,158,167,148,48,20,92
Oct-18,Moor Allerton Library,0,0,0,0,0,0,0,0,0,0,0,0
Oct-18,Morley Library,0,0,0,0,0,0,0,0,0,0,0,0
Oct-18,Oakwood Library,0,0,6,8,28,30,49,69,206,53,25,18
Oct-18,Otley Library,0,1,6,4,6,58,71,226,206,255,147,48
Oct-18,Pudsey Library,0,0,0,0,0,0,0,0,0,0,0,0
Oct-18,Rothwell Library,0,3,16,21,22,95,80,101,117,101,67,93
Oct-18,Scholes Library,0,0,0,0,0,0,0,0,3,0,0,0
Oct-18,Seacroft Library,0,5,64,8,49,146,258,407,343,218,31,153
Oct-18,Wetherby,0,0,0,0,0,0,0,0,0,0,0,0
Oct-18,Whinmoor,0,0,1,0,0,1,1,13,25,4,0,0
Oct-18,Yeadon Library,0,3,17,25,45,79,87,136,128,176,32,57
Nov-18,Ardsley and Tingley Library,0,0,1,0,0,12,0,8,6,54,1,11
Nov-18,Armley Library,2,17,82,19,105,257,313,379,246,142,58,186
Nov-18,Beeston Library,0,15,17,6,28,152,211,163,101,89,18,23
Nov-18,Boston Spa Library,0,0,2,0,0,1,5,1,36,22,4,0
Nov-18,Bramley Library,0,23,31,14,47,119,147,216,394,165,9,118
Nov-18,Calverley Library,0,0,14,0,1,11,6,11,29,13,0,0
Nov-18,Central Library,0,1,2,23,52,183,153,117,116,49,29,149
Nov-18,Chapel Allerton Library,0,4,6,4,13,62,106,166,142,119,23,45
Nov-18,Chapeltown Library,0,7,50,8,12,75,166,205,170,42,8,127
Nov-18,Compton Road Library,0,178,476,234,323,688,816,948,597,94,21,195
Nov-18,Crossgates Library,0,2,7,0,3,21,19,19,30,7,6,16
Nov-18,Dewsbury Road Library,0,8,63,51,135,264,455,445,306,95,8,91
Nov-18,Farsley Library,0,0,4,0,3,5,15,31,57,39,2,14
Nov-18,Garforth Library,0,0,0,0,0,0,0,0,0,0,0,0
Nov-18,Gildersome Library,0,0,0,0,8,5,5,5,4,1,3,4
Nov-18,Guiseley Library,0,0,3,1,9,24,42,62,67,52,43,20
Nov-18,Halton Library,0,6,36,12,27,53,41,43,106,124,35,73
Nov-18,Hawksworth,0,0,0,1,0,4,4,2,4,1,0,7
Nov-18,Headingley Library,1,11,25,38,102,278,287,334,339,302,84,167
Nov-18,Holt Park Library,0,0,0,0,0,0,0,0,0,0,0,0
Nov-18,Horsforth Library,0,0,0,0,0,0,0,0,0,0,0,0
Nov-18,Hunslet Library,0,0,0,0,2,11,25,21,17,18,0,38
Nov-18,Kippax Library,1,1,8,8,6,16,23,38,38,70,1,3
Nov-18,Merrion One Stop,0,0,0,0,0,0,0,0,0,0,0,0
Nov-18,Middleton Library,0,12,33,25,32,130,189,143,117,43,22,52
Nov-18,Moor Allerton Library,1,5,37,50,45,138,176,195,343,194,39,75
Nov-18,Morley Library,0,0,0,0,0,0,0,0,0,0,0,0
Nov-18,Oakwood Library,0,1,7,3,21,42,38,71,192,64,28,46
Nov-18,Otley Library,0,4,6,22,25,64,82,185,186,267,139,45
Nov-18,Pudsey Library,0,1,0,2,12,45,43,43,82,56,14,58
Nov-18,Rothwell Library,1,10,28,12,30,81,101,106,109,90,61,63
Nov-18,Scholes,0,0,0,0,0,1,1,0,1,0,0,0
Nov-18,Seacroft Library,0,7,57,6,27,148,255,369,274,196,34,249
Nov-18,Wetherby,0,0,0,0,0,0,0,0,0,0,0,0
Nov-18,Whinmoor,0,1,2,1,1,4,1,15,20,2,0,0
Nov-18,Yeadon Library,0,2,27,27,56,72,93,96,124,169,27,30
Dec-18,Ardsley and Tingley Library,0,0,2,0,0,1,2,6,5,39,1,4
Dec-18,Armley Library,0,13,62,19,64,156,219,330,201,114,53,119
Dec-18,Beeston Library,0,5,12,6,19,73,131,122,57,54,6,13
Dec-18,Boston Spa Library,0,0,3,0,0,1,3,3,17,5,0,1
Dec-18,Bramley Library,0,5,12,14,43,105,123,198,310,116,48,64
Dec-18,Calverley Library,0,0,3,0,1,13,2,7,28,8,1,7
Dec-18,Central Library,0,0,2,11,46,196,152,162,139,58,22,149
Dec-18,Chapel Allerton Library,1,0,2,1,12,47,58,159,85,67,17,23
Dec-18,Chapeltown Library,0,16,68,25,36,93,179,296,288,88,6,188
Dec-18,Compton Road Library,1,169,312,211,225,523,753,674,437,63,10,130
Dec-18,Crossgates Library,0,7,14,14,44,68,111,113,184,85,45,64
Dec-18,Dewsbury Road Library,0,1,14,24,103,197,289,299,287,77,8,82
Dec-18,Farsley Library,0,0,5,3,1,9,12,12,50,20,0,11
Dec-18,Garforth Library,0,0,0,0,0,0,0,0,0,0,0,0
Dec-18,Gildersome Library,0,0,0,0,7,0,2,4,4,2,1,1
Dec-18,Guiseley Library,0,4,1,3,6,9,23,41,54,30,43,21
Dec-18,Halton Library,0,0,15,13,8,34,34,24,67,70,8,38
Dec-18,Hawksworth,0,0,0,0,0,1,3,4,7,0,0,10
Dec-18,Headingley Library,0,10,32,31,84,223,203,304,253,264,74,106
Dec-18,Holt Park Library,0,11,13,9,14,33,49,66,38,77,15,70
Dec-18,Horsforth Library,0,0,0,0,0,0,0,0,0,0,0,0
Dec-18,Hunslet Library,0,0,5,0,1,7,15,17,11,14,2,24
Dec-18,Kippax Library,0,0,4,1,2,14,12,32,13,37,5,2
Dec-18,Merrion One Stop,0,0,0,0,0,0,0,0,0,0,0,0
Dec-18,Middleton Library,0,21,36,8,22,96,110,119,120,23,25,54
Dec-18,Moor Allerton Library,0,9,33,41,47,119,204,212,403,231,43,55
Dec-18,Morley Library,0,0,0,0,0,0,0,0,0,0,0,0
Dec-18,Oakwood Library,0,0,8,1,19,26,26,70,144,42,17,24
Dec-18,Otley Library,0,0,1,1,1,9,2,26,38,31,17,12
Dec-18,Pudsey Library,0,6,7,8,13,105,150,148,288,206,52,103
Dec-18,Rothwell Library,0,3,23,3,11,60,61,96,106,70,68,74
Dec-18,Scholes Library,0,0,0,0,0,0,0,0,0,0,0,0
Dec-18,Seacroft,0,1,47,3,26,123,197,265,221,134,23,156
Dec-18,Wetherby,0,0,0,0,0,0,0,0,0,0,0,0
Dec-18,Whinmoor,0,0,0,0,0,0,0,8,17,1,0,0
Dec-18,Yeadon Library,0,2,11,9,43,29,55,84,108,130,25,22
Jan-19,Ardsley and Tingley Library,0,3,2,0,3,6,4,7,9,72,1,5
Jan-19,Armley Library,0,12,73,23,110,222,271,434,257,145,55,188
Jan-19,Beeston Library,0,5,19,6,33,129,126,153,95,68,9,20
Jan-19,Boston Spa Library,0,0,2,0,0,1,11,5,30,10,1,0
Jan-19,Bramley Library,0,12,26,11,65,158,164,242,335,151,40,130
Jan-19,Calverley Library,0,4,4,0,2,27,2,9,27,12,0,6
Jan-19,Central Library,0,2,8,18,86,363,262,300,290,129,32,214
Jan-19,Chapel Allerton Library,2,7,8,5,21,64,83,210,135,91,31,41
Jan-19,Chapeltown Library,0,23,64,33,39,170,266,461,380,109,5,246
Jan-19,Compton Road Library,0,271,583,379,273,734,"1,008",856,638,88,18,213
Jan-19,Crossgates Library,0,9,19,21,58,126,149,154,239,99,59,98
Jan-19,Dewsbury Road Library,1,4,38,40,176,309,438,443,354,111,9,60
Jan-19,Farsley Library,0,3,7,0,1,20,17,8,44,37,1,20
Jan-19,Garforth Library,0,0,0,0,0,0,0,0,0,0,0,0
Jan-19,Gildersome Library,0,0,0,0,7,2,6,13,6,5,12,3
Jan-19,Guiseley Library,0,0,1,1,8,24,35,40,72,65,81,17
Jan-19,Halton Library,0,3,28,5,10,32,51,42,76,95,15,50
Jan-19,Hawksworth,0,0,0,2,0,0,7,4,15,4,0,9
Jan-19,Headingley Library,0,6,7,42,143,295,245,343,362,302,95,156
Jan-19,Holt Park Library,0,10,38,15,31,66,86,123,71,115,18,75
Jan-19,Horsforth Library,0,0,0,0,0,0,0,0,0,0,0,0
Jan-19,Hunslet Library,0,0,6,0,2,16,67,45,48,48,6,10
Jan-19,Kippax Library,0,6,4,9,1,24,16,31,62,58,4,8
Jan-19,Merrion One Stop,0,0,0,0,0,0,0,2,0,0,0,0
Jan-19,Middleton Library,0,24,54,13,55,108,110,195,154,28,30,83
Jan-19,Moor Allerton Library,1,13,55,51,46,202,256,295,530,257,44,58
Jan-19,Morley Library,0,0,2,0,2,22,39,29,43,24,7,35
Jan-19,Oakwood Library,0,1,7,6,25,52,56,65,175,57,46,53
Jan-19,Otley Library,0,0,0,0,0,0,0,0,0,0,0,0
Jan-19,Pudsey Library,0,9,13,21,19,152,209,230,386,262,73,130
Jan-19,Rothwell Library,0,6,15,8,42,113,95,109,120,92,63,61
Jan-19,Scholes Library,0,0,0,0,0,1,0,0,0,0,0,0
Jan-19,Seacroft Library,0,5,47,4,39,190,268,341,323,192,30,228
Jan-19,Wetherby,0,0,0,0,0,0,0,0,0,0,0,0
Jan-19,Whinmoor,0,0,0,0,0,4,0,17,28,2,1,0
Jan-19,Yeadon Library,0,0,13,7,95,46,87,102,119,215,23,61
Feb-19,Ardsley and Tingley Library,0,4,2,0,1,17,1,4,11,48,0,1
Feb-19,Armley Library,0,6,62,19,111,264,255,382,301,122,52,162
Feb-19,Beeston Library,0,0,20,6,48,132,151,137,88,70,11,25
Feb-19,Boston Spa Library,0,0,7,0,0,1,5,3,35,11,2,0
Feb-19,Bramley Library,1,12,17,19,50,121,134,227,270,127,10,105
Feb-19,Calverley Library,0,2,3,2,4,26,4,4,22,13,0,1
Feb-19,Central Library,0,0,5,38,60,284,249,333,303,119,36,201
Feb-19,Chapel Allerton Library,1,2,5,0,13,50,59,179,107,94,19,35
Feb-19,Chapeltown Library,0,20,148,31,35,172,322,430,364,116,7,273
Feb-19,Compton Road Library,3,211,491,287,264,725,962,810,497,92,21,252
Feb-19,Crossgates Library,1,4,17,12,34,103,162,171,232,85,64,72
Feb-19,Dewsbury Road Library,1,14,50,42,183,293,430,515,303,123,13,95
Feb-19,Farsley Library,1,0,5,1,3,13,11,18,62,19,0,9
Feb-19,Garforth Library,0,0,0,0,0,0,0,0,0,0,0,0
Feb-19,Gildersome Library,0,0,0,0,0,1,2,6,2,6,7,1
Feb-19,Guiseley Library,0,0,4,2,4,24,34,30,45,58,65,25
Feb-19,Halton Library,0,5,17,7,26,38,69,41,86,101,13,46
Feb-19,Hawksworth,0,0,0,1,0,3,15,1,9,0,0,6
Feb-19,Headingley Library,2,13,13,34,80,291,226,326,357,249,86,145
Feb-19,Holt Park Library,0,9,16,20,14,73,99,111,58,105,11,61
Feb-19,Horsforth Library,0,6,10,17,17,27,40,93,69,78,53,79
Feb-19,Hunslet Library,0,0,1,0,0,9,12,19,29,20,3,14
Feb-19,Kippax Library,0,5,3,15,2,15,38,22,39,71,1,3
Feb-19,Middleton Library,0,21,44,17,44,95,147,173,181,36,28,71
Feb-19,Moor Allerton Library,0,14,57,91,35,154,262,269,502,221,55,85
Feb-19,Morley Library,0,13,8,6,40,174,238,199,265,184,89,101
Feb-19,Oakwood Library,0,2,16,4,13,26,33,100,165,50,46,42
Feb-19,Otley Library,0,0,0,0,0,0,0,0,0,0,0,0
Feb-19,Pudsey Library,1,7,16,19,40,114,181,199,362,270,78,126
Feb-19,Rothwell Library,0,4,19,8,17,68,72,98,123,68,49,73
Feb-19,Scholes,0,0,0,1,0,1,0,0,1,0,0,0
Feb-19,Seacroft Library,0,2,36,15,37,136,258,314,328,161,44,210
Feb-19,Wetherby,0,0,1,2,0,6,9,19,34,21,13,32
Feb-19,Whinmoor,0,0,0,0,1,1,0,8,27,6,3,1
Feb-19,Yeadon Library,0,1,4,15,44,45,66,70,138,173,35,91
Mar-19,Ardsley and Tingley Library,0,4,0,2,2,13,1,2,21,66,1,2
Mar-19,Armley Library,0,2,30,22,118,284,340,388,345,134,52,243
Mar-19,Beeston Library,0,2,37,3,33,128,171,170,115,57,13,36
Mar-19,Boston Spa Library,0,0,8,0,0,0,5,4,23,18,4,2
Mar-19,Bramley Library,0,13,17,8,64,109,165,216,280,161,35,115
Mar-19,Calverley Library,0,5,0,0,0,21,3,4,24,13,2,3
Mar-19,Central Library,0,2,4,20,88,327,289,308,352,116,31,256
Mar-19,Chapel Allerton Library,0,5,3,2,23,62,68,218,164,139,23,47
Mar-19,Chapeltown Library,0,17,55,38,48,187,335,516,374,131,6,230
Mar-19,Compton Road Library,3,217,283,302,374,834,"1,083",963,499,79,7,271
Mar-19,Crossgates Library,2,4,16,5,55,129,138,123,261,125,63,67
Mar-19,Dewsbury Road Library,0,5,9,38,108,295,547,556,357,127,9,117
Mar-19,Farsley Library,1,1,2,0,2,21,26,30,77,32,1,12
Mar-19,Garforth Library,0,0,0,0,0,0,0,0,0,0,0,0
Mar-19,Gildersome Library,0,0,1,0,2,0,2,3,4,11,8,1
Mar-19,Guiseley Library,0,0,3,2,11,23,47,43,67,66,72,12
Mar-19,Halton Library,0,1,15,2,14,40,62,63,71,104,15,45
Mar-19,Hawksworth,0,1,0,0,0,2,22,2,7,0,0,15
Mar-19,Headingley Library,0,1,24,35,139,244,300,418,402,280,91,148
Mar-19,Holt Park Library,0,7,17,46,24,73,94,106,69,118,27,89
Mar-19,Horsforth Library,0,7,17,42,33,70,117,198,145,232,106,134
Mar-19,Hunslet Library,0,0,0,0,0,0,0,0,0,0,0,0
Mar-19,Kippax Library,1,6,1,7,5,25,20,39,43,59,2,10
Mar-19,Middleton Library,0,22,42,27,51,130,176,186,183,69,40,73
Mar-19,Moor Allerton Library,0,23,73,80,22,143,317,287,556,272,56,111
Mar-19,Morley Library,0,5,23,4,50,247,292,265,322,240,81,145
Mar-19,Oakwood Library,0,3,15,3,13,20,53,92,229,46,44,35
Mar-19,Pudsey Library,0,5,18,1,44,131,215,220,387,316,57,151
Mar-19,Rothwell Library,0,1,14,10,19,106,86,93,143,56,58,55
Mar-19,Scholes Library,0,0,0,0,0,0,2,0,3,0,0,0
Mar-19,Seacroft Library,0,7,28,23,78,190,322,328,348,197,49,193
Mar-19,Wetherby,0,0,8,1,12,17,40,86,94,54,29,147
Mar-19,Whinmoor,0,0,0,0,1,3,2,11,29,4,0,2
Mar-19,Yeadon Library,0,1,6,4,48,49,90,84,138,180,30,66
Apr-19,Ardsley and Tingley Library,0,0,1,0,1,11,3,9,6,59,0,3
Apr-19,Armley Library,0,3,40,30,60,186,354,390,347,150,43,156
Apr-19,Beeston Library,0,1,23,16,34,125,149,137,118,51,23,23
Apr-19,Boston Spa Library,0,0,1,0,0,1,11,3,17,11,4,1
Apr-19,Bramley Library,0,4,24,13,47,113,167,228,255,164,21,119
Apr-19,Calverley Library,0,2,0,0,0,19,5,7,19,8,0,1
Apr-19,Central Library,0,2,6,23,90,356,322,403,456,157,43,348
Apr-19,Chapel Allerton Library,0,5,4,2,21,53,55,178,134,124,24,64
Apr-19,Chapeltown Library,0,9,86,44,54,169,358,521,372,108,5,251
Apr-19,Compton Road Library,0,298,613,348,317,697,880,840,465,75,12,231
Apr-19,Crossgates Library,4,14,31,8,27,123,152,139,245,124,53,71
Apr-19,Dewsbury Road Library,1,4,42,29,92,282,437,516,348,115,12,141
Apr-19,Farsley Library,0,0,1,0,1,15,20,14,59,29,1,15
Apr-19,Garforth Library,0,1,7,1,19,17,23,52,63,51,33,49
Apr-19,Gildersome Library,0,0,0,0,5,2,0,3,4,9,5,3
Apr-19,Guiseley Library,0,3,6,0,4,25,24,29,76,66,55,30
Apr-19,Halton Library,0,3,8,2,7,21,52,50,73,90,9,67
Apr-19,Hawksworth,0,0,0,2,1,0,16,6,5,0,0,14
Apr-19,Headingley Library,0,3,14,46,86,236,232,336,372,260,93,160
Apr-19,Holt Park Library,1,16,32,21,15,68,98,104,55,117,18,52
Apr-19,Horsforth Library,0,5,18,28,41,53,103,170,136,199,96,115
Apr-19,Kippax Library,1,3,4,4,4,25,16,26,46,46,2,15
Apr-19,Merrion One Stop,0,0,0,0,0,0,0,11,0,0,0,0
Apr-19,Middleton Library,0,19,27,13,54,99,138,195,196,71,28,72
Apr-19,Moor Allerton Library,0,12,49,73,29,114,201,225,497,249,69,60
Apr-19,Morley Library,1,11,22,1,40,192,291,255,239,178,68,136
Apr-19,Oakwood Library,0,0,10,3,4,34,43,74,199,42,37,34
Apr-19,Otley Library,0,1,0,0,0,8,30,50,68,92,52,57
Apr-19,Pudsey Library,0,7,77,21,29,112,200,200,352,328,69,222
Apr-19,Rothwell Library,2,8,21,5,36,86,77,100,129,70,52,74
Apr-19,Scholes Library,0,0,0,0,0,0,0,0,2,0,0,0
Apr-19,Seacroft Library,0,6,28,25,23,183,260,335,328,180,53,260
Apr-19,Wetherby,0,0,10,11,16,24,28,113,87,52,34,63
Apr-19,Whinmoor,0,0,2,0,0,1,4,7,27,2,0,0
Apr-19,Yeadon Library,0,1,12,12,23,51,77,87,120,175,26,51
May-19,Ardsley and Tingley Library,0,2,2,0,1,4,4,5,6,36,2,0
May-19,Armley Library,0,15,39,19,65,229,397,428,371,152,42,199
May-19,Beeston Library,0,7,21,7,27,160,167,201,51,70,17,38
May-19,Boston Spa Library,0,0,4,0,2,0,5,4,25,13,4,0
May-19,Bramley Library,0,10,27,9,71,136,155,211,309,139,31,128
May-19,Calverley Library,0,2,6,1,0,12,2,11,19,12,0,3
May-19,Central Library,1,12,19,71,245,"1,093","1,077","1,025","1,026",460,74,510
May-19,Chapel Allerton Library,1,6,12,8,16,57,75,180,156,144,33,33
May-19,Chapeltown Library,0,11,62,26,45,161,360,493,387,94,4,243
May-19,Compton Road Library,2,275,624,329,324,682,849,832,502,95,16,185
May-19,Crossgates Library,0,4,16,7,30,141,159,134,267,111,52,73
May-19,Dewsbury Road Library,0,8,45,32,94,277,444,462,323,94,16,106
May-19,Farsley Library,0,1,4,0,1,15,15,7,66,29,2,9
May-19,Garforth Library,0,14,24,17,30,34,64,152,95,105,64,162
May-19,Gildersome Library,0,0,1,0,8,0,2,6,4,2,6,0
May-19,Guiseley Library,0,2,1,3,8,9,22,24,81,55,46,19
May-19,Halton Library,0,2,14,4,9,39,39,79,90,103,13,58
May-19,Hawksworth,0,0,0,1,2,3,14,4,1,1,0,20
May-19,Headingley Library,0,8,17,35,134,314,271,352,438,277,86,146
May-19,Holt Park Library,0,7,20,26,21,96,91,109,62,111,18,49
May-19,Horsforth Library,1,5,5,9,35,63,121,170,108,210,109,119
May-19,Hunslet Library,0,0,0,0,0,0,0,0,0,0,0,0
May-19,Kippax Library,0,2,3,5,10,20,16,36,56,50,3,3
May-19,Merrion One Stop,0,0,0,0,0,0,0,0,0,0,0,0
May-19,Middleton Library,0,27,56,9,32,110,133,202,237,78,16,68
May-19,Moor Allerton Library,0,17,38,73,34,179,224,271,488,266,75,79
May-19,Morley Library,0,8,10,11,28,166,309,253,246,194,68,138
May-19,Oakwood Library,0,1,5,7,6,28,39,57,193,55,32,25
May-19,Otley Library,0,4,8,10,7,76,82,167,221,320,177,87
May-19,Pudsey Library,0,4,38,10,13,158,184,193,335,314,57,355
May-19,Rothwell Library,0,4,17,8,25,86,110,79,135,75,41,100
May-19,Scholes Library,0,0,0,0,0,0,0,0,0,2,0,0
May-19,Seacroft Library,0,9,20,14,24,197,238,318,335,175,50,201
May-19,Wetherby,0,0,10,9,16,20,35,127,137,67,37,68
May-19,Whinmoor,0,0,0,1,0,0,2,2,33,3,0,0
May-19,Yeadon Library,0,2,3,4,28,45,55,87,111,155,32,72
Jun-19,Ardsley and Tingley Library,0,0,0,0,1,3,4,6,8,15,1,3
Jun-19,Armley Library,0,0,2,20,53,229,349,407,331,160,38,177
Jun-19,Beeston Library,0,9,42,11,14,127,157,208,91,80,3,29
Jun-19,Boston Spa Library,0,0,6,0,1,1,5,3,26,14,0,1
Jun-19,Bramley Library,0,12,15,8,94,130,152,272,311,154,15,144
Jun-19,Calverley Library,0,0,0,1,0,16,5,5,21,11,1,0
Jun-19,Central Library,2,11,68,77,252,"1,249","1,340","1,177","1,186",415,91,564
Jun-19,Chapel Allerton Library,3,9,6,3,20,52,80,180,192,124,29,47
Jun-19,Chapeltown Library,0,10,45,18,40,188,313,438,306,68,2,183
Jun-19,Compton Road Library,1,202,354,280,386,607,765,777,471,86,20,243
Jun-19,Crossgates Library,7,12,10,23,30,113,128,149,226,83,54,87
Jun-19,Dewsbury Road Library,0,15,31,33,111,235,440,360,282,86,16,93
Jun-19,Farsley Library,1,0,2,1,5,27,14,21,57,33,0,11
Jun-19,Garforth Library,0,6,16,10,34,39,69,114,124,108,51,147
Jun-19,Gildersome Library,0,0,0,1,4,7,0,8,2,2,6,3
Jun-19,Guiseley Library,0,5,2,0,6,14,17,34,79,67,45,13
Jun-19,Halton Library,0,0,8,8,8,43,45,64,98,112,18,67
Jun-19,Hawksworth,0,0,0,2,1,0,16,1,1,1,0,8
Jun-19,Headingley Library,0,2,6,32,138,306,312,349,483,272,92,187
Jun-19,Holt Park Library,0,12,19,13,14,91,83,96,54,103,21,74
Jun-19,Horsforth Library,0,6,7,7,46,49,103,160,116,197,96,127
Jun-19,Kippax Library,0,2,15,8,7,15,19,27,36,54,5,17
Jun-19,Middleton Library,0,16,41,10,38,113,139,193,190,69,27,82
Jun-19,Moor Allerton Library,0,13,26,80,34,163,246,223,497,275,58,86
Jun-19,Morley Library,0,3,7,8,28,160,308,233,230,186,64,134
Jun-19,Oakwood Library,0,2,12,7,3,35,44,54,171,38,57,36
Jun-19,Otley Library,0,2,7,18,13,79,96,164,239,399,214,66
Jun-19,Pudsey Library,1,1,13,11,31,133,137,262,319,344,72,335
Jun-19,Rothwell Library,0,3,13,11,19,97,83,88,117,66,61,62
Jun-19,Scholes Library,0,0,0,0,0,0,0,0,2,0,0,0
Jun-19,Seacroft Library,0,2,18,36,22,239,229,318,349,174,32,188
Jun-19,Wetherby,0,0,8,5,20,28,39,108,115,63,22,37
Jun-19,Whinmoor,0,0,0,0,0,1,0,5,19,1,0,2
Jun-19,Yeadon Library,0,1,0,8,14,54,69,78,116,197,29,70
Jul-19,Ardsley and Tingley Library,0,3,2,0,0,5,2,3,20,41,0,3
Jul-19,Armley Library,0,2,9,17,34,172,218,327,243,104,20,353
Jul-19,Beeston Library,2,8,53,14,49,156,150,161,83,92,8,37
Jul-19,Boston Spa Library,0,0,3,1,0,0,3,3,21,12,6,2
Jul-19,Bramley Library,1,15,37,16,96,154,165,334,314,147,79,191
Jul-19,Calverley Library,0,4,0,0,1,19,0,9,25,12,0,2
Jul-19,Central Library,1,14,56,67,253,"1,318","1,187","1,291","1,170",408,160,676
Jul-19,Chapel Allerton Library,1,10,9,4,21,65,98,234,193,113,20,40
Jul-19,Chapeltown Library,0,21,59,38,32,191,357,420,368,91,7,188
Jul-19,Compton Road Library,4,208,403,268,299,576,762,771,452,96,9,348
Jul-19,Crossgates Library,2,8,21,14,48,102,123,180,271,113,52,92
Jul-19,Dewsbury Road Library,4,16,40,54,177,354,464,462,368,93,14,92
Jul-19,Farsley Library,0,1,8,0,2,25,18,16,65,28,0,10
Jul-19,Garforth Library,0,0,0,0,0,0,0,0,0,0,0,0
Jul-19,Garforth Library,0,4,14,12,15,36,82,132,92,128,51,149
Jul-19,Gildersome Library,0,0,0,1,4,4,0,11,3,2,7,4
Jul-19,Guiseley Library,0,7,1,2,11,11,22,41,49,62,47,27
Jul-19,Halton Library,0,1,7,4,16,45,50,53,87,77,25,60
Jul-19,Hawksworth,0,0,0,1,0,0,8,1,2,0,0,21
Jul-19,Headingley Library,0,0,0,0,1,11,13,12,26,9,2,8
Jul-19,Holt Park Library,0,8,35,14,22,137,102,85,53,108,21,81
Jul-19,Horsforth Library,0,20,8,0,28,60,99,177,87,173,94,154
Jul-19,Hunslet Library,0,0,0,0,0,0,1,0,0,0,0,0
Jul-19,Kippax Library,0,2,7,8,10,22,18,39,34,28,1,11
Aug-19,Ardsley and Tingley Library,0,2,1,0,0,5,7,5,10,33,2,5
Aug-19,Armley Library,0,10,11,28,72,248,268,485,399,139,41,391
Aug-19,Beeston Library,0,17,27,23,42,133,141,166,77,61,4,14
Aug-19,Boston Spa Library,0,0,2,0,0,0,2,2,21,16,3,5
Aug-19,Bramley Library,0,43,55,23,49,136,211,192,337,124,74,214
Aug-19,Calverley Library,0,0,6,0,0,14,4,12,33,20,0,4
Aug-19,Central Library,3,45,69,87,291,"1,338","1,094","1,203","1,221",468,131,594
Aug-19,Chapel Allerton Library,1,10,4,4,10,56,87,209,192,106,19,33
Aug-19,Chapeltown Library,7,116,258,48,35,170,292,439,319,83,11,225
Aug-19,Compton Road Library,5,987,"1,080",279,315,621,689,637,503,97,4,222
Aug-19,Crossgates Library,4,17,27,32,20,106,154,165,305,136,73,121
Aug-19,Dewsbury Road Library,6,13,43,30,164,273,513,416,307,84,11,79
Aug-19,Farsley Library,0,2,4,0,2,16,20,31,56,23,0,20
Aug-19,Garforth Library,1,19,9,5,11,33,80,146,72,112,58,142
Aug-19,Gildersome Library,0,0,0,0,7,1,0,4,4,2,9,2
Aug-19,Guiseley Library,1,2,4,5,5,17,29,62,79,60,65,17
Aug-19,Halton Library,0,1,16,8,14,35,59,61,104,101,13,108
Aug-19,Hawksworth,0,0,0,0,0,4,5,5,8,0,0,17
Aug-19,Headingley Library,0,31,31,55,136,278,285,322,457,278,117,193
Aug-19,Holt Park Library,0,11,22,4,16,125,90,103,60,117,22,56
Aug-19,Horsforth Library,0,12,33,2,23,70,100,171,156,239,91,145
Aug-19,Hunslet Library,0,0,6,1,5,35,53,77,82,29,1,21
Aug-19,Kippax Library,1,7,5,6,13,33,20,40,27,50,4,10
Aug-19,Middleton Library,0,13,6,10,39,103,97,208,153,69,30,69
Aug-19,Moor Allerton Library,0,33,36,39,71,139,278,287,503,303,56,98
Aug-19,Morley Library,0,8,15,12,38,147,195,255,280,162,69,151
Aug-19,Oakwood Library,0,2,2,5,14,21,35,84,176,52,61,47
Aug-19,Otley Library,0,3,16,28,19,66,108,303,249,386,224,79
Aug-19,Pudsey Library,1,8,18,13,35,109,198,218,324,401,91,336
Aug-19,Rothwell Library,1,11,8,12,13,90,88,103,115,84,36,65
Aug-19,Scholes Library,0,0,0,0,0,0,0,0,0,1,0,0
Aug-19,Seacroft Library,2,138,79,14,38,177,254,340,423,174,31,204
Aug-19,Wetherby,0,3,12,7,5,45,28,118,136,86,35,50
Aug-19,Whinmoor,0,0,2,0,0,4,2,8,27,7,2,2
Aug-19,Yeadon Library,0,1,4,11,18,42,65,79,107,203,28,83
Sep-19,Ardsley and Tingley Library,0,0,0,0,0,8,3,5,13,32,0,1
Sep-19,Armley Library,0,6,24,30,90,193,312,426,405,135,19,305
Sep-19,Beeston Library,0,9,46,20,22,148,149,148,77,71,8,25
Sep-19,Boston Spa Library,0,0,1,0,0,1,4,2,16,9,4,5
Sep-19,Bramley Library,0,7,23,8,45,114,195,218,336,138,55,172
Sep-19,Calverley Library,2,4,4,0,0,26,6,20,37,10,0,2
Sep-19,Central Library,5,18,71,99,403,"1,293","1,165","1,222","1,169",415,129,574
Sep-19,Chapel Allerton Library,0,5,5,13,22,56,92,181,151,79,19,31
Sep-19,Chapeltown Library,0,22,54,39,49,196,315,420,347,85,11,207
Sep-19,Compton Road Library,7,487,745,279,256,569,831,704,513,82,14,245
Sep-19,Crossgates Library,3,6,26,34,23,102,157,140,272,125,68,78
Sep-19,Dewsbury Road Library,1,16,33,63,172,273,480,390,308,104,13,72
Sep-19,Farsley Library,0,0,8,3,0,9,11,11,53,19,2,9
Sep-19,Garforth Library,3,7,8,7,13,33,96,136,67,89,44,166
Sep-19,Gildersome Library,0,0,0,1,11,4,2,19,2,5,6,6
Sep-19,Guiseley Library,0,0,0,0,0,0,0,0,0,0,0,0
Sep-19,Halton Library,0,1,11,8,10,27,69,54,99,112,16,72
Sep-19,Hawksworth,0,0,0,0,0,1,10,2,5,0,0,14
Sep-19,Headingley Library,0,2,29,65,149,355,313,340,435,289,105,205
Sep-19,Holt Park Library,2,11,23,17,23,145,115,104,42,97,20,68
Sep-19,Horsforth Library,0,14,13,5,36,68,97,200,110,268,105,96
Sep-19,Hunslet Library,0,2,22,14,29,50,99,116,131,40,15,54
Sep-19,Kippax Library,4,2,9,8,8,23,45,27,33,46,11,25
Sep-19,Middleton Library,0,6,34,15,48,134,127,145,167,44,31,68
Sep-19,Moor Allerton Library,0,1,3,0,0,3,6,7,11,6,1,0
Sep-19,Morley Library,2,3,13,16,25,176,218,250,258,181,51,173
Sep-19,Oakwood Library,0,7,9,5,7,29,25,68,137,57,42,19
Sep-19,Otley Library,0,3,31,14,11,91,96,322,255,312,218,55
Sep-19,Pudsey Library,0,2,6,13,18,109,146,209,365,322,65,357
Sep-19,Rothwell Library,0,0,25,25,20,99,111,87,117,101,57,60
Sep-19,Scholes Library,0,0,0,0,1,0,0,0,0,0,0,0
Sep-19,Seacroft Library,0,19,27,42,52,177,211,343,386,151,35,162
Sep-19,Wetherby,0,0,8,0,6,25,34,96,123,66,30,285
Sep-19,Whinmoor,0,0,0,1,0,1,1,5,17,2,8,0
Sep-19,Yeadon Library,0,1,8,8,12,55,67,93,116,159,27,62
Oct-19,Ardsley and Tingley Library,0,0,0,0,0,9,8,1,12,45,0,1
Oct-19,Armley Library,2,4,10,31,67,223,314,422,403,118,17,373
Oct-19,Beeston Library,0,10,50,11,22,134,148,161,74,96,7,50
Oct-19,Boston Spa Library,0,0,1,0,0,2,8,4,25,7,2,8
Oct-19,Bramley Library,0,18,26,4,51,129,200,232,312,181,56,218
Oct-19,Calverley Library,0,5,2,0,0,29,7,16,33,18,1,1
Oct-19,Central Library,3,32,89,107,356,"1,373","1,238","1,352","1,142",435,143,792
Oct-19,Chapel Allerton Library,0,3,8,7,10,61,71,153,187,120,14,64
Oct-19,Chapeltown Library,2,44,173,52,70,135,306,448,384,84,22,303
Oct-19,Compton Road Library,7,306,571,275,266,668,846,711,599,64,7,445
Oct-19,Crossgates Library,4,19,21,20,14,88,139,158,266,144,44,120
Oct-19,Dewsbury Road Library,0,16,41,76,150,281,473,426,359,92,37,125
Oct-19,Farsley Library,0,1,3,1,4,9,8,21,66,22,3,23
Oct-19,Garforth Library,2,7,14,10,3,34,76,148,72,78,60,162
Oct-19,Gildersome Library,0,0,0,0,2,1,1,12,2,5,5,10
Oct-19,Guiseley Library,0,1,11,0,2,5,13,9,33,31,38,12
Oct-19,Halton Library,0,1,22,7,23,42,64,61,100,116,25,78
Oct-19,Hawksworth,0,0,1,1,0,3,16,6,6,0,1,22
Oct-19,Headingley Library,0,8,22,38,123,288,274,398,491,294,120,259
Oct-19,Holt Park Library,2,21,23,10,14,141,97,127,64,111,22,79
Oct-19,Horsforth Library,0,12,17,7,27,77,83,212,114,212,91,123
Oct-19,Hunslet Library,0,2,19,6,22,68,143,152,137,34,24,59
Oct-19,Kippax Library,0,4,35,1,5,17,29,34,22,68,4,14
Oct-19,Kirkgate Market,1,1,0,0,1,18,37,24,29,62,19,1
Oct-19,Middleton Library,0,3,27,13,26,95,117,169,197,33,71,102
Oct-19,Moor Allerton Library,0,18,60,32,42,198,229,291,481,333,52,111
Oct-19,Morley Library,0,2,6,13,34,159,241,202,281,162,55,209
Oct-19,Oakwood Library,0,0,9,2,7,29,37,73,156,45,63,31
Oct-19,Otley Library,1,2,18,5,6,104,96,366,241,336,223,57
Oct-19,Pudsey Library,0,10,8,6,17,131,154,236,393,296,64,403
Oct-19,Rothwell Library,0,7,17,9,19,95,83,86,112,106,63,99
Oct-19,Scholes Library,0,0,0,0,0,0,0,1,0,0,0,0
Oct-19,Seacroft Library,0,67,38,23,80,160,228,314,415,175,45,195
Oct-19,Wetherby,2,0,6,2,5,39,38,124,107,94,20,167
Oct-19,Whinmoor,0,2,2,0,0,2,0,8,16,2,1,2
Oct-19,Yeadon Library,0,1,3,1,8,53,60,81,113,186,37,76
Nov-19,Ardsley and Tingley Library,0,0,3,0,0,0,5,13,12,21,4,6
Nov-19,Armley Library,0,0,0,2,5,22,19,27,58,13,1,153
Nov-19,Beeston Library,0,4,51,9,27,112,133,152,73,89,14,56
Nov-19,Boston Spa Library,0,0,2,0,0,0,4,0,14,30,2,0
Nov-19,Bramley Library,2,11,31,19,41,85,226,192,286,192,55,153
Nov-19,Calverley Library,0,3,4,0,0,19,4,7,37,22,4,7
Nov-19,Central Library,0,8,51,70,315,"1,109","1,203","1,197","1,113",487,123,673
Nov-19,Chapel Allerton Library,1,9,8,5,15,78,61,181,152,84,21,24
Nov-19,Chapeltown Library,2,10,116,55,55,112,273,492,340,84,29,218
Nov-19,Compton Road Library,22,114,586,237,212,671,767,714,475,131,45,288
Nov-19,Crossgates Library,0,13,18,6,25,85,132,168,227,143,59,70
Nov-19,Dewsbury Road Library,0,11,27,44,146,332,447,388,233,137,27,106
Nov-19,Farsley Library,0,0,3,0,5,6,19,18,59,32,2,19
Nov-19,Garforth Library,0,10,39,2,5,40,68,127,87,54,80,152
Nov-19,Gildersome Library,0,0,0,0,0,6,5,3,1,3,6,1
Nov-19,Guiseley Library,1,12,42,0,4,18,12,26,97,54,60,18
Nov-19,Halton Library,0,3,30,4,33,20,49,33,54,109,17,60
Nov-19,Hawksworth,0,0,0,0,0,3,16,6,1,0,5,14
Nov-19,Headingley Library,1,13,25,30,260,257,252,323,360,330,185,229
Nov-19,Holt Park Library,0,3,39,14,25,95,91,59,53,74,44,59
Nov-19,Horsforth Library,0,10,18,3,22,51,103,138,111,250,103,134
Nov-19,Hunslet Library,1,1,9,10,29,64,131,192,118,64,24,42
Nov-19,Kippax Library,1,2,34,3,2,17,41,26,33,84,9,18
Nov-19,Kirkgate Market,0,0,0,2,4,34,52,33,64,81,26,2
Nov-19,Middleton Library,0,1,22,7,22,78,111,105,165,56,47,75
Nov-19,Moor Allerton Library,1,10,37,35,26,146,199,213,439,292,80,79
Nov-19,Morley Library,0,4,10,5,27,133,180,203,281,164,133,147
Nov-19,Oakwood Library,1,3,12,2,5,31,40,56,126,53,54,31
Nov-19,Otley Library,0,2,12,4,8,65,66,359,212,375,167,61
Nov-19,Pudsey Library,0,3,10,5,25,148,171,268,368,333,66,326
Nov-19,Rothwell Library,2,4,23,10,13,66,75,74,116,101,68,64
Nov-19,Scholes Library,0,0,0,0,0,0,0,0,0,0,0,0
Nov-19,Seacroft Library,0,14,60,28,37,204,223,271,405,196,69,164
Nov-19,Wetherby,0,1,1,0,1,28,19,103,91,105,30,267
Nov-19,Whinmoor,0,0,0,0,0,1,0,7,10,9,0,0
Nov-19,Yeadon Library,0,0,5,1,17,35,75,96,108,156,39,70
Dec-19,Ardsley and Tingley Library,0,0,1,0,0,1,1,2,10,17,4,3
Dec-19,Armley Library,0,4,5,9,20,34,71,53,130,26,1,208
Dec-19,Beeston Library,0,3,25,13,10,86,80,105,53,53,23,27
Dec-19,Boston Spa Library,0,0,1,1,0,0,1,0,13,5,5,5
Dec-19,Bramley Library,1,2,4,7,31,117,168,166,262,129,70,113
Dec-19,Calverley Library,0,6,4,1,0,15,5,4,18,10,0,4
Dec-19,Central Library,0,9,48,72,217,880,"1,007",897,995,457,126,575
Dec-19,Chapel Allerton Library,0,23,6,0,13,62,44,98,101,76,10,26
Dec-19,Chapeltown Library,0,3,99,56,85,116,192,334,270,70,15,196
Dec-19,Crossgates Library,0,10,12,4,21,88,138,126,219,113,52,128
Dec-19,Dewsbury Road Library,0,8,16,57,108,238,337,327,199,88,42,66
Dec-19,Farsley Library,0,1,1,1,2,8,10,16,55,15,1,22
Dec-19,Garforth Library,0,7,34,5,9,26,46,120,70,90,65,134
Dec-19,Gildersome Library,0,0,0,0,0,8,0,8,0,1,3,5
Dec-19,Guiseley Library,0,10,20,0,5,6,18,28,80,47,51,10
Dec-19,Halton Library,0,0,12,3,4,17,48,36,65,99,16,58
Dec-19,Hawksworth,0,0,0,0,0,2,13,0,3,0,0,8
Dec-19,Headingley Library,0,12,15,6,129,185,224,296,270,298,112,191
Dec-19,Holt Park Library,1,2,38,6,19,69,65,73,46,63,25,65
Dec-19,Horsforth Library,0,9,18,1,17,50,80,104,114,234,84,126
Dec-19,Hunslet Library,0,0,12,3,14,34,116,112,92,52,31,20
Dec-19,Kippax Library,0,0,21,1,0,12,22,12,16,40,5,16
Dec-19,Kirkgate Market,0,0,2,0,3,18,59,57,61,99,24,1
Dec-19,Middleton Library,0,1,15,8,14,63,96,71,120,36,32,55
Dec-19,Moor Allerton Library,0,7,24,23,21,93,120,159,358,230,45,45
Dec-19,Morley Library,0,5,9,7,12,114,130,167,190,113,65,99
Dec-19,Oakwood Library,0,3,6,4,2,23,32,25,84,49,35,30
Dec-19,Otley Library,0,3,6,9,12,71,66,299,203,280,127,36
Dec-19,Pudsey Library,1,1,32,5,22,85,129,222,351,283,69,275
Dec-19,Rothwell Library,0,2,9,5,7,46,83,53,82,95,42,45
Dec-19,Scholes Library,0,0,0,0,0,0,0,0,2,0,0,0
Dec-19,Seacroft Library,2,4,19,3,34,143,144,201,287,144,63,133
Dec-19,Wetherby,0,0,0,1,2,28,14,109,101,77,28,286
Dec-19,Whinmoor,0,0,1,0,0,3,0,2,9,4,0,1
Dec-19,Yeadon Library,0,0,0,3,4,37,42,72,81,122,31,39
