NAME,COMPUTER_SESSIONS,WIFI_USE,GATE_COUNT,FISCAL_YEAR,GIS_ID,CREATED_DATE,LAST_EDITED_DATE,OBJECTID,GLOBALID
Cleveland Park,20370,48143,238566,2019,LibraryPt_5,,2022/08/04 22:59:02+00,1,{7C942CD0-6B23-4115-98D9-3A732521BD6B}
Northwest One,35489,7661,94467,2019,LibraryPt_23,,2022/08/04 22:59:02+00,2,{E797399E-3601-423E-BF50-7566EF7D23F4}
"Martin Luther King, Jr. Memorial Library",,,,2019,LibraryPt_9,,2022/08/04 22:59:02+00,3,{50A741A9-EDC1-4C6A-B558-0709E6897DF9}
Georgetown,27578,24370,138461,2019,LibraryPt_25,,2022/08/04 22:59:02+00,4,{67FADF76-16CA-4DDE-8DE3-A81CC3947304}
Tenley-Friendship,39495,21634,213195,2019,LibraryPt_11,,2022/08/04 22:59:02+00,5,{35FBA4BF-224F-43F2-B4CB-B35A6D11B0CC}
Deanwood,23036,8841,94507,2019,LibraryPt_29,,2022/08/04 22:59:02+00,6,{8D919073-1060-4CB0-8BC9-A342AB20C3FE}
Shepherd Park (Juanita E. Thornton),33323,11045,111429,2019,LibraryPt_16,,2022/08/04 22:59:02+00,7,{1C9F5A87-955F-46FC-8F9C-EA79AFE88918}
Southeast,33843,17693,178996,2019,LibraryPt_14,,2022/08/04 22:59:02+00,8,{EC940F6D-2A8F-4DEF-B372-8541C3352832}
West End,54789,37684,231512,2019,LibraryPt_21,,2022/08/04 22:59:02+00,9,{9A7AA283-2960-4860-B426-721D75E72E49}
Library Express,23231,10462,107390,2019,,,2021/07/16 00:26:09+00,10,{E78E9A87-21C7-416D-BF0A-9EFF77A99EEC}
Benning (Dorothy I. Height),54995,25623,193479,2019,LibraryPt_2,,2022/08/04 22:59:02+00,11,{EADCCA39-28FD-4208-B5C8-6580E5C5C32A}
Shaw (Watha T. Daniel),67816,54681,255200,2019,LibraryPt_28,,2022/08/04 22:59:02+00,12,{6BD99CE2-21F8-4735-9E8A-186308261E5C}
Lamond-Riggs,30388,11036,107374,2019,LibraryPt_18,,2022/08/04 22:59:02+00,13,{1A098E4B-A9D6-4358-AFFA-5579E1FF5B66}
Southwest ,22973,7271,72314,2019,LibraryPt_15,,2022/08/04 22:59:02+00,14,{F8B03EB0-79A7-4006-87D0-EC8EDD856070}
Takoma Park,13576,6356,55838,2019,LibraryPt_17,,2022/08/04 22:59:02+00,15,{D3302ADF-B007-4A5D-B5C8-566C439AA725}
Northeast,34085,16427,161463,2019,LibraryPt_10,,2022/08/04 22:59:02+00,16,{EE8F2A94-AA54-4231-BE47-D13D678E75C7}
Parklands-Turner,51370,27377,144273,2019,LibraryPt_19,,2022/08/04 22:59:02+00,17,{AF7AA767-2F3F-42FC-AA27-51EDC64CFD55}
Capitol View,30964,9365,74916,2019,LibraryPt_3,,2022/08/04 22:59:02+00,18,{433B4A46-6542-4550-99FD-677917DDF3CD}
Francis Gregory,38213,12137,111707,2019,LibraryPt_7,,2022/08/04 22:59:02+00,19,{1E501CAA-61C1-45D6-B7A9-86F39BE030FF}
Rosedale,27035,8036,95566,2019,LibraryPt_32,,2022/08/04 22:59:02+00,20,{B0A36696-0990-4020-B7CC-A6C2F1E526D6}
Anacostia,49714,25707,176244,2019,LibraryPt_24,,2022/08/04 22:59:02+00,21,{24FC6E16-A1F3-4A17-A085-58AA0C1E756C}
Chevy Chase,17466,12650,148761,2019,LibraryPt_4,,2022/08/04 22:59:02+00,22,{1177D17F-A3E6-44A0-AA51-34A1D5392141}
Mt. Pleasant,53365,32125,248992,2019,LibraryPt_31,,2022/08/04 22:59:02+00,23,{0013A2C1-933A-430D-B66B-30C4222C6727}
Palisades,6101,11244,87832,2019,LibraryPt_12,,2022/08/04 22:59:02+00,24,{F1E030C3-522C-4F94-ACE1-A4FCFA01A300}
Bellevue (William O. Lockridge),47208,13772,112471,2019,LibraryPt_20,,2022/08/04 22:59:02+00,25,{99787474-5678-4512-88AF-9CDD1D032D9A}
Petworth,51623,41092,181744,2019,LibraryPt_26,,2022/08/04 22:59:02+00,26,{B7A3FF2E-A3E8-4EC2-A6E7-F4600F8E928D}
Woodridge,56331,20818,183308,2019,LibraryPt_22,,2022/08/04 22:59:02+00,27,{471A8F16-E600-4F63-B0CB-A5CF014CE1E9}
Anacostia,52626,17272,171667,2016,LibraryPt_24,,2022/08/04 22:59:02+00,28,{CE40D12D-4BA1-4505-988C-EA373D0583AE}
Bellevue (William O. Lockridge),55191,10153,102498,2016,LibraryPt_20,,2022/08/04 22:59:02+00,29,{F6EBAF7B-F02F-4F1D-A1D4-C194E963195C}
Benning (Dorothy I. Height),48972,21398,197874,2016,LibraryPt_2,,2022/08/04 22:59:02+00,30,{208659D5-3DE9-4DBD-B8BB-726E5B84BD43}
Capitol View,29588,8097,100497,2016,LibraryPt_3,,2022/08/04 22:59:02+00,31,{7397689A-563B-4EFF-B614-93F53EE00F3E}
Chevy Chase,8387,6853,105234,2016,LibraryPt_4,,2022/08/04 22:59:02+00,32,{106A6953-22E2-4A6E-A3CA-90A58B22340B}
Cleveland Park,14625,6957,249367,2016,LibraryPt_5,,2022/08/04 22:59:02+00,33,{A581F542-0FEE-4F14-A02B-A19D6A75A17E}
Deanwood,29190,5807,84414,2016,LibraryPt_29,,2022/08/04 22:59:02+00,34,{07237856-CDF4-4615-88FD-97C8BB45B81F}
Francis Gregory,42327,9239,111538,2016,LibraryPt_7,,2022/08/04 22:59:02+00,35,{D9BDB668-2D86-473E-9054-2776668DB0AD}
Georgetown,29082,18677,131823,2016,LibraryPt_25,,2022/08/04 22:59:02+00,36,{F3F9980F-F837-464C-A6A6-36E506573CA3}
Lamond-Riggs,21356,8314,111443,2016,LibraryPt_18,,2022/08/04 22:59:02+00,37,{A36EFBF8-AABE-4DF6-9EE1-BE255E1D4F91}
"Martin Luther King, Jr. Memorial Library",198422,106822,606766,2016,LibraryPt_9,,2022/08/04 22:59:02+00,38,{9EF242B8-7DDF-4D3D-B805-7A6BC4D1CC8F}
Mt. Pleasant,48860,22194,240271,2016,LibraryPt_31,,2022/08/04 22:59:02+00,39,{B7DF2A32-60AF-42FE-AD98-84851AA899D8}
Northeast,32971,11621,123406,2016,LibraryPt_10,,2022/08/04 22:59:02+00,40,{BC93A202-4978-4548-9357-D7AFF69A0F16}
Northwest One,30460,6836,87049,2016,LibraryPt_23,,2022/08/04 22:59:02+00,41,{85AAB26A-2080-4184-B887-91E2947E5873}
Palisades,6241,5139,92153,2016,LibraryPt_12,,2022/08/04 22:59:02+00,42,{E96A9A51-D954-4F25-80EA-B5A521050B44}
Parklands-Turner,33972,17689,141745,2016,LibraryPt_19,,2022/08/04 22:59:02+00,43,{A5BA513A-8884-4027-A029-8926CD38F0CD}
Petworth,50902,23587,174269,2016,LibraryPt_26,,2022/08/04 22:59:02+00,44,{467A8CEC-7206-4432-8F11-9CE05E052611}
Rosedale,19515,5738,89518,2016,LibraryPt_32,,2022/08/04 22:59:02+00,45,{294D3A42-1A8B-4618-92BB-BF4046A141FA}
Shaw (Watha T. Daniel),60343,25939,213627,2016,LibraryPt_28,,2022/08/04 22:59:02+00,46,{BC2B9D0E-ABAB-4114-8B8C-35D8D5799FA6}
Shepherd Park (Juanita E. Thornton),11891,4220,49835,2016,LibraryPt_16,,2022/08/04 22:59:02+00,47,{37E91490-CA14-4806-BD05-C8A85324A03A}
Southeast,18281,12219,157353,2016,LibraryPt_14,,2022/08/04 22:59:02+00,48,{60120E63-C9DC-4A25-B918-D4BD4E3EF65A}
Southwest ,21868,7011,102694,2016,LibraryPt_15,,2022/08/04 22:59:02+00,49,{B3288375-3130-404E-9D22-2EA9F8910E37}
Takoma Park,23131,5470,83638,2016,LibraryPt_17,,2022/08/04 22:59:02+00,50,{15FB465A-133A-4C90-8383-87C3F3D0E25E}
Tenley-Friendship,40856,16852,234713,2016,LibraryPt_11,,2022/08/04 22:59:02+00,51,{1CFACEE9-DC00-42BC-9E6E-5029249AF9B8}
West End,18841,3313,87613,2016,LibraryPt_21,,2022/08/04 22:59:02+00,52,{38E45CE8-922B-48F9-9FC2-73CF471CA82C}
Woodridge,33597,6051,79758,2016,LibraryPt_22,,2022/08/04 22:59:02+00,53,{BEA53F3D-9184-44D4-A859-0C55207AC237}
Anacostia,51414,18998,170376,2017,LibraryPt_24,,2022/08/04 22:59:02+00,54,{F6C98DC7-3DF9-467E-9812-E5432C2B9E91}
Bellevue (William O. Lockridge),50537,11312,107224,2017,LibraryPt_20,,2022/08/04 22:59:02+00,55,{8858202C-E33E-43A0-9284-E6AF41BFACBA}
Benning (Dorothy I. Height),51273,24460,214167,2017,LibraryPt_2,,2022/08/04 22:59:02+00,56,{896B6C54-5826-4D0C-900D-DCB7084E64AA}
Capitol View,13170,3273,45947,2017,LibraryPt_3,,2022/08/04 22:59:02+00,57,{9D78C9B7-12CF-4F5F-96AE-AC7B9362C740}
Chevy Chase,12643,12903,150916,2017,LibraryPt_4,,2022/08/04 22:59:02+00,58,{F726C568-08E3-426A-915F-A1D283F30707}
Cleveland Park,6624,5676,67730,2017,LibraryPt_5,,2022/08/04 22:59:02+00,59,{95095C49-C3B3-4D47-89C7-A9243A79C978}
Deanwood,28469,6610,97190,2017,LibraryPt_29,,2022/08/04 22:59:02+00,60,{7CCCA85C-5461-4D3F-8600-37AEA67BDB37}
Francis Gregory,38702,9985,107119,2017,LibraryPt_7,,2022/08/04 22:59:02+00,61,{A4070BA7-BF74-4E03-9536-58E5B0F61745}
Georgetown,27370,23856,149406,2017,LibraryPt_25,,2022/08/04 22:59:02+00,62,{AB87B20E-D88E-4B36-97D0-78010B84B992}
Lamond-Riggs,28017,8511,118089,2017,LibraryPt_18,,2022/08/04 22:59:02+00,63,{AD70FC1B-FFFD-40A3-BABD-4F92AE1C0D81}
Library Express,8145,4340,36686,2017,,,2021/07/16 00:26:09+00,64,{CB0D7386-08E5-4A7C-BBB2-C74F145FEE45}
"Martin Luther King, Jr. Memorial Library",90262,50813,238682,2017,LibraryPt_9,,2022/08/04 22:59:02+00,65,{26E9956B-DE58-4219-9750-D68420825090}
Mt. Pleasant,53934,26199,256268,2017,LibraryPt_31,,2022/08/04 22:59:02+00,66,{80F98CE2-92F8-4B9B-B383-C13B8ED0582A}
Northeast,32001,16921,128757,2017,LibraryPt_10,,2022/08/04 22:59:02+00,67,{1A1B828C-CD80-4A54-92CF-BE28045A7FA3}
Northwest One,35728,7653,105631,2017,LibraryPt_23,,2022/08/04 22:59:02+00,68,{69948883-0367-4FA7-826E-E642B2B2D688}
Palisades,2290,2548,37397,2017,LibraryPt_12,,2022/08/04 22:59:02+00,69,{1D8931E9-7DF0-4E5A-9FAB-C36246D4F1FD}
Parklands-Turner,39448,18656,138234,2017,LibraryPt_19,,2022/08/04 22:59:02+00,70,{79752D7F-451E-4E82-BD3D-1810925C1CFA}
Petworth,42680,26801,171159,2017,LibraryPt_26,,2022/08/04 22:59:02+00,71,{D6AA6273-251F-47A9-B4EB-B3847464AED1}
Rosedale,24006,6377,88740,2017,LibraryPt_32,,2022/08/04 22:59:02+00,72,{A514F9DC-4736-4B6C-B8C1-58E673EEABE9}
Shaw (Watha T. Daniel),66664,33609,241929,2017,LibraryPt_28,,2022/08/04 22:59:02+00,73,{34E1495C-D59D-4197-86F5-512C43E2F0CA}
Shepherd Park (Juanita E. Thornton),24170,8804,90869,2017,LibraryPt_16,,2022/08/04 22:59:02+00,74,{A58F55E9-CD32-49C0-B9AC-AFC243113BF8}
Southeast,28665,13779,160057,2017,LibraryPt_14,,2022/08/04 22:59:02+00,75,{B065FAC5-FC91-43B3-8285-0FDE179C3FD2}
Southwest ,26233,9047,99206,2017,LibraryPt_15,,2022/08/04 22:59:02+00,76,{3F2D2EF1-3030-41C3-9DD4-EAAF07296799}
Takoma Park,17950,6190,74734,2017,LibraryPt_17,,2022/08/04 22:59:02+00,77,{B0201EAE-98E0-4311-9878-FD99848BE140}
Tenley-Friendship,41307,21058,249984,2017,LibraryPt_11,,2022/08/04 22:59:02+00,78,{34929581-0225-4ACD-861B-E6475643AD39}
West End,16506,4028,90065,2017,LibraryPt_21,,2022/08/04 22:59:02+00,79,{5508F5A4-6647-42BC-B9E7-1DAAC48A8BF9}
Woodridge,47744,18761,156639,2017,LibraryPt_22,,2022/08/04 22:59:02+00,80,{8E199EAC-A209-4D13-ACB0-45619DAF0812}
Anacostia,50627,18375,166445,2018,LibraryPt_24,,2022/08/04 22:59:02+00,81,{8F908F88-01DE-422B-9D7A-3A7388BE57A1}
Bellevue (William O. Lockridge),48772,10781,106969,2018,LibraryPt_20,,2022/08/04 22:59:02+00,82,{F8BD6981-A888-45F2-A0A3-25A3C8997989}
Benning (Dorothy I. Height),57939,24037,204706,2018,LibraryPt_2,,2022/08/04 22:59:02+00,83,{06378FE7-13F8-4484-8B5F-750F722E6E18}
Capitol View,22081,6649,53041,2018,LibraryPt_3,,2022/08/04 22:59:02+00,84,{07DF3FC8-C278-4944-A319-ED814FBB9E5A}
Chevy Chase,16316,13908,150801,2018,LibraryPt_4,,2022/08/04 22:59:02+00,85,{8E70FE45-4570-4DF5-BF52-F69C39C25E7E}
Cleveland Park,10566,13927,101643,2018,LibraryPt_5,,2022/08/04 22:59:02+00,86,{74C2CC03-9C39-4B1F-BD23-15DAA1D6309B}
Deanwood,22583,6808,91280,2018,LibraryPt_29,,2022/08/04 22:59:02+00,87,{806B86D0-5E53-4E6B-9C8C-DD45C3AC0C27}
Francis Gregory,36058,9798,111041,2018,LibraryPt_7,,2022/08/04 22:59:02+00,88,{44070186-B4F3-4665-B377-31C16CB15DAE}
Georgetown,25890,22093,141980,2018,LibraryPt_25,,2022/08/04 22:59:02+00,89,{BEF59B29-E9F2-4812-B0B0-F632EDC38952}
Lamond-Riggs,30919,8428,109016,2018,LibraryPt_18,,2022/08/04 22:59:02+00,90,{C4AAAD10-22F8-4C08-9283-437ECCA0E4C2}
Library Express,24112,12084,105023,2018,,,2021/07/16 00:26:09+00,91,{F574131B-91A4-4255-9F0F-F92F683C2DF3}
"Martin Luther King, Jr. Memorial Library",0,0,,2018,LibraryPt_9,,2022/08/04 22:59:02+00,92,{4A036BB9-5DB8-4B1E-8EC4-8C79F9ABBC7C}
Mt. Pleasant,55438,26143,249727,2018,LibraryPt_31,,2022/08/04 22:59:02+00,93,{4BAA8109-6BCE-4BE6-BF06-A583E62AC243}
Northeast,34964,16639,147813,2018,LibraryPt_10,,2022/08/04 22:59:02+00,94,{AEA42E93-711F-4C55-932F-FF42A1814ACD}
Northwest One,40632,6490,99132,2018,LibraryPt_23,,2022/08/04 22:59:02+00,95,{5E0C0F56-8144-4AD1-B7DE-38CAF369D5BA}
Palisades,3553,6004,75621,2018,LibraryPt_12,,2022/08/04 22:59:02+00,96,{A8A63289-D7B3-4D4C-82DF-093B774D6627}
Parklands-Turner,49087,21523,148023,2018,LibraryPt_19,,2022/08/04 22:59:02+00,97,{C3E1E393-59E4-4A18-84EC-19E49C949A8F}
Petworth,48003,27432,172158,2018,LibraryPt_26,,2022/08/04 22:59:02+00,98,{4E46EB16-DC80-4A31-934B-92DBDC18111D}
Rosedale,27122,7517,100773,2018,LibraryPt_32,,2022/08/04 22:59:02+00,99,{E6958756-B561-4D96-9214-6BDCC97D3658}
Shaw (Watha T. Daniel),77800,35872,270904,2018,LibraryPt_28,,2022/08/04 22:59:02+00,100,{F197B03A-40D8-415E-982B-33C79356AB4C}
Shepherd Park (Juanita E. Thornton),30317,9934,104366,2018,LibraryPt_16,,2022/08/04 22:59:02+00,101,{E12558BE-846E-476C-AE90-70BBCB2418C1}
Southeast,33234,14363,166853,2018,LibraryPt_14,,2022/08/04 22:59:02+00,102,{3CE3A582-8BD2-4D31-81C0-6C047794C0AE}
Southwest ,30477,9879,98061,2018,LibraryPt_15,,2022/08/04 22:59:02+00,103,{48B95B20-E0C5-4838-8CDE-8E9BC1C494E4}
Takoma Park,18256,6202,74616,2018,LibraryPt_17,,2022/08/04 22:59:02+00,104,{DF3BFA3B-1EA6-4FEE-A1CB-B6FCED092BDA}
Tenley-Friendship,39716,15929,244266,2018,LibraryPt_11,,2022/08/04 22:59:02+00,105,{680A5B30-9610-4D25-AD07-5FB242306BE6}
West End,42911,30690,165946,2018,LibraryPt_21,,2022/08/04 22:59:02+00,106,{48A504D1-4C27-4D82-8B2C-31BFFCA7E46F}
Woodridge,54935,20737,172335,2018,LibraryPt_22,,2022/08/04 22:59:02+00,107,{2690B2BE-353B-452D-8B4D-CCBCAD4E91CD}
